PitchNo,Date,Time,Pitcher,PitcherId,PitcherThrows,PitcherTeam,PitcherSet,PitchCall,Balls,Strikes,TaggedPitchType,PitchSession,Flag,RelSpeed,VertRelAngle,HorzRelAngle,SpinRate,SpinAxis,Tilt,RelHeight,RelSide,Extension,VertBreak,InducedVertBreak,HorzBreak,PlateLocHeight,PlateLocSide,ZoneSpeed,VertApprAngle,HorzApprAngle,ZoneTime,pfxx,pfxz,x0,y0,z0,vx0,vy0,vz0,ax0,ay0,az0,PlayID,CalibrationId,EffVelocity,PracticeType,Device,Direction,BatterId,Batter,HitSpinRate,HitType,ExitSpeed,BatterSide,Angle,PositionAt110X,PositionAt110Y,PositionAt110Z,Distance,LastTrackedDistance,HangTime,Bearing,ContactPositionX,ContactPositionY,ContactPositionZ,SpinAxis3dTransverseAngle,SpinAxis3dLongitudinalAngle,SpinAxis3dActiveSpinRate,SpinAxis3dSpinEfficiency,SpinAxis3dTilt,PitchUID,SessionId
1,2025-12-29,16:30:22,"Game, Gaynor",1000495029,Left,NA,NA,StrikeSwinging,0,0,Fastball,Live,NA,63.41314,-0.5707614899,3.463945961,1644.180034,129.7080397,10:15:00,5.27787,-2.14111,6.25665,-35.04522,8.40699,-10.17773,1.93501,-0.42718,59.05902,-8.742363565,1.074844247,0.4744356508,9.55868,7.20621,2.53676,50,5.28202,-6.18616,-93.85314,0.80267,8.45888,15.24535,-25.79697,e05d1d6e-8b74-4836-a16c-1ddc59b5a21f,6cac01e9-8d55-49ca-8e73-17dc2a1477e1,79.44689,LiveBpPitching,23360159,NA,1000444244,"Chipman, Jay",NA,NA,NA,Right,NA,NA,NA,NA,NA,NA,NA,NA,NA,NA,NA,NA,NA,NA,NA,NA,12d6f896-4d3f-4e31-b9bc-17ad0ff3cb20,6d85b82a-1796-4667-aa9c-65f17a02ab82
2,2025-12-29,16:30:44,"Game, Gaynor",1000495029,Left,NA,NA,BallCalled,0,1,Sinker,Live,NA,62.0076,2.887005178,3.912235718,1531.125239,120.8984289,10:00:00,5.16082,-2.27649,6.59465,-39.14711,5.97205,-10.11093,4.02102,-0.24756,57.0234,-6.38153828,1.514288295,0.4834503616,9.86534,4.13827,2.74634,50,4.75446,-6.79562,-91.74381,6.65648,8.27523,15.57619,-28.70279,cda6bdcc-2ea3-478b-84de-a6a95bf6285a,6cac01e9-8d55-49ca-8e73-17dc2a1477e1,77.96548,LiveBpPitching,23360159,NA,1000444244,"Chipman, Jay",NA,NA,NA,Right,NA,NA,NA,NA,NA,NA,NA,NA,NA,NA,NA,NA,NA,NA,NA,NA,7108c3a3-40d0-4743-8b42-4e0d9290cdf3,6d85b82a-1796-4667-aa9c-65f17a02ab82
3,2025-12-29,16:31:01,"Game, Gaynor",1000495029,Left,NA,NA,BallCalled,1,1,Sinker,Live,NA,62.16611,2.862654751,2.964047966,1514.490442,119.0724024,10:00:00,5.21026,-2.19399,6.30522,-39.52206,5.9929500000000004,-10.89938,4.03368,-0.91317,57.08827,-6.445829541,0.3903037647,0.4855665477,10.12588,4.08092,2.53876,50,4.82821,-5.29669,-92.04019,6.53395,8.53034,15.94657,-28.73616,07e6751e-7c7c-4e94-9c47-419bb79c8171,6cac01e9-8d55-49ca-8e73-17dc2a1477e1,77.62569,LiveBpPitching,23360159,NA,1000444244,"Chipman, Jay",NA,NA,NA,Right,NA,NA,NA,NA,NA,NA,NA,NA,NA,NA,NA,NA,NA,NA,NA,NA,582b073d-9ff1-4914-b791-25973cf33b69,6d85b82a-1796-4667-aa9c-65f17a02ab82
4,2025-12-29,16:31:17,"Game, Gaynor",1000495029,Left,NA,NA,InPlay,2,1,Curveball,Live,NA,59.76928,0.08807751868,2.302280628,1314.587878,323.79989,04:45:00,5.53694,-1.91735,5.25514,-57.35728,-6.28609,4.57346,0.82383,0.20574,56.66025,-12.8354813,3.34943638,0.5143507488,-2.99217,-5.05237,2.12348,50,5.4644,-3.3807,-88.36913,2.29429,-2.35719,13.0339,-36.15424,0a187a0f-cc02-40b8-97b4-b2d1260c7a27,6cac01e9-8d55-49ca-8e73-17dc2a1477e1,73.28159,LiveBpPitching,23360159,NA,1000444244,"Chipman, Jay",NA,NA,NA,Right,NA,NA,NA,NA,NA,NA,NA,NA,NA,NA,NA,NA,NA,NA,NA,NA,bbc0a52e-8162-4034-b379-109260f44a64,6d85b82a-1796-4667-aa9c-65f17a02ab82
5,2025-12-29,16:31:53,"Game, Gaynor",1000495029,Left,NA,NA,BallCalled,0,0,NA,Live,NA,63.1948,-0.9874462604,3.432665817,1661.297494,120.3114503,10:00:00,5.08103,-2.11853,6.39267,-37.04461,6.23276,-10.72166,1.26548,-0.48128,59.2784,-9.613791169,0.9137908573,0.4734801957,9.99801,5.52607,2.52082,50,5.12635,-6.15586,-93.49215,0.27879,8.83184,14.35315,-27.29254,2a6b85c0-5043-4a40-bed6-1503e6634d0a,6cac01e9-8d55-49ca-8e73-17dc2a1477e1,79.60721,LiveBpPitching,23360159,NA,1000444244,"Chipman, Jay",NA,NA,NA,Right,NA,NA,NA,NA,NA,NA,NA,NA,NA,NA,NA,NA,NA,NA,NA,NA,8a34b586-6519-49da-92b0-ad7ac43608ea,6d85b82a-1796-4667-aa9c-65f17a02ab82
6,2025-12-29,16:32:24,"Game, Gaynor",1000495029,Left,NA,NA,BallCalled,1,0,NA,Live,NA,62.10772,-0.103897311,4.309093433,1607.473461,145.9672106,10:45:00,5.16,-2.21079,NA,-35.06489,12.5471,-8.52369,2.15939,0.33314,57.28133,-8.156034964,2.343488794,0.4966261268,8.26523,10.13988,2.62737,50,5.12844,-7.25409,-91.75459,1.23343,6.93432,15.58587,-23.66694,c8781b08-4c9a-4fe9-8519-66aacc865540,6cac01e9-8d55-49ca-8e73-17dc2a1477e1,NA,LiveBpPitching,23360159,NA,1000444244,"Chipman, Jay",NA,NA,NA,Right,NA,NA,NA,NA,NA,NA,NA,NA,NA,NA,NA,NA,NA,NA,NA,NA,34ffac25-a505-410f-b210-643e0c213229,6d85b82a-1796-4667-aa9c-65f17a02ab82
7,2025-12-29,16:32:39,"Game, Gaynor",1000495029,Left,NA,NA,BallCalled,2,0,NA,Live,NA,54.99947,3.266939318,1.833207524,1576.978895,314.1418091,04:30:00,5.57909,-1.69367,5.19543,-70.15732,-8.74666,8.96679,2.21053,0.44226,51.38675,-12.67869479,3.897282504,0.5640183895,-6.54418,-8.08667,1.85027,50,5.20659,-2.30061,-81.30576,7.0039,-4.29301,12.64871,-37.47894,fe204c63-ab53-4daa-9360-12dd0b34d7ce,6cac01e9-8d55-49ca-8e73-17dc2a1477e1,66.82839,LiveBpPitching,23360159,NA,1000444244,"Chipman, Jay",NA,NA,NA,Right,NA,NA,NA,NA,NA,NA,NA,NA,NA,NA,NA,NA,NA,NA,NA,NA,d0fb2b64-5c5d-4a04-9c97-2b20ddb1dcd0,6d85b82a-1796-4667-aa9c-65f17a02ab82
8,2025-12-29,16:32:51,"Game, Gaynor",1000495029,Left,NA,NA,BallCalled,3,0,NA,Live,NA,64.23326,0.2695283766,4.433983282,1675.90347,132.3909121,10:30:00,5.18939,-2.09713,6.20152,-33.13455,9.34311,-10.30892,2.62815,0.33018,59.7061,-7.455984224,2.023537219,0.4690851336,9.90507,7.71744,2.59485,50,5.106,-7.87368,-94.92688,2.09618,8.9905,15.24539,-25.16919,2f83baf3-65be-4d68-a7f4-7c72c492ce73,6cac01e9-8d55-49ca-8e73-17dc2a1477e1,80.35309,LiveBpPitching,23360159,NA,1000444244,"Chipman, Jay",NA,NA,NA,Right,NA,NA,NA,NA,NA,NA,NA,NA,NA,NA,NA,NA,NA,NA,NA,NA,1525d1dd-dc6e-4d2a-a8b8-3b901168c32e,6d85b82a-1796-4667-aa9c-65f17a02ab82
9,2025-12-29,16:33:07,"Game, Gaynor",1000495029,Left,NA,NA,BallCalled,0,0,NA,Live,NA,60.97447,-0.1046441425,5.064884678,1574.150857,122.3113603,10:00:00,5.09946,-2.03501,6.36915,-39.37827,7.46407,-11.90701,1.74054,0.71418,56.91458,-9.289218304,2.272760109,0.4925957565,11.50239,6.30719,2.62018,50,5.04276,-8.56324,-90.05626,1.7582,9.39555,13.73262,-27.02211,4494de9d-1a88-462d-a60d-a9d913f8257c,6cac01e9-8d55-49ca-8e73-17dc2a1477e1,76.51799,LiveBpPitching,23360159,NA,1000444244,"Chipman, Jay",NA,NA,NA,Right,NA,NA,NA,NA,NA,NA,NA,NA,NA,NA,NA,NA,NA,NA,NA,NA,53d12d8f-c17d-468d-824b-a47b7592c4a6,6d85b82a-1796-4667-aa9c-65f17a02ab82
10,2025-12-29,16:33:23,"Game, Gaynor",1000495029,Left,NA,NA,BallCalled,1,0,NA,Live,NA,58.68954,-0.5183643234,6.129547014,1098.269519,98.88434406,09:15:00,5.02789,-2.10635,6.50953,-49.51705,0.97773,-6.52096,0.51863,1.86857,55.21187,-12.01355515,4.600910892,0.5114399397,7.36977,0.98435,2.8173,50,4.99689,-9.61033,-86.5632,1.59848,5.54793,12.9707,-31.43304,386ce55f-3f87-4b21-adf5-98f569752d5f,6cac01e9-8d55-49ca-8e73-17dc2a1477e1,73.69866,LiveBpPitching,23360159,NA,1000444244,"Chipman, Jay",NA,NA,NA,Right,NA,NA,NA,NA,NA,NA,NA,NA,NA,NA,NA,NA,NA,NA,NA,NA,92ca6573-1261-46d0-9c90-bb67a772d7f7,6d85b82a-1796-4667-aa9c-65f17a02ab82
11,2025-12-29,16:33:35,"Game, Gaynor",1000495029,Left,NA,NA,BallCalled,2,0,NA,Live,NA,61.8322,1.007456327,2.913630349,1726.054851,166.1878053,11:30:00,5.16073,-2.06292,6.1067,-41.15118,4.58878,-1.13907,2.47939,0.00406,57.95528,-8.532392929,2.648137149,0.4867649647,1.75926,3.53029,2.37553,50,4.98804,-4.70893,-91.46363,3.55277,1.48981,13.529,-29.18446,f72e6134-e01b-425b-870f-afb5c81f4038,6cac01e9-8d55-49ca-8e73-17dc2a1477e1,77.43458,LiveBpPitching,23360159,NA,1000444244,"Chipman, Jay",NA,NA,NA,Right,NA,NA,NA,NA,NA,NA,NA,NA,NA,NA,NA,NA,NA,NA,NA,NA,0597801d-e108-4b91-aead-a5df8bf3bc0b,6d85b82a-1796-4667-aa9c-65f17a02ab82
12,2025-12-29,16:33:49,"Game, Gaynor",1000495029,Left,NA,NA,BallCalled,3,0,NA,Live,NA,57.26912,3.670940016,2.163768931,NA,NA,NA,5.24812,-2.06655,6.05876,-55.82392,-1.31247,0.09427,3.32636,-0.452,52.75732,-9.379780065,2.185944178,0.5313922678,0.66926,-2.35974,2.29532,50,4.77396,-3.199,-84.7739,7.81175,0.47586,14.06738,-33.85188,1fd45468-92e0-4db0-9fff-befdafb18a11,6cac01e9-8d55-49ca-8e73-17dc2a1477e1,70.93148,LiveBpPitching,23360159,NA,1000444244,"Chipman, Jay",NA,NA,NA,Right,NA,NA,NA,NA,NA,NA,NA,NA,NA,NA,NA,NA,NA,NA,NA,NA,bfa6acc5-7ab2-4cd0-99a4-b5bcd60be623,6d85b82a-1796-4667-aa9c-65f17a02ab82
13,2025-12-29,16:34:16,"Game, Gaynor",1000495029,Left,NA,NA,BallCalled,0,0,NA,Live,NA,60.72229,1.460551176,-0.2896054268,1170.578554,335.7525179,05:15:00,5.53697,-1.62416,5.77921,-60.55002,-11.70522,5.2519,1.58253,-1.40286,56.6881,-12.49835472,0.9387619302,0.503014577,-4.40319,-10.09065,1.58774,50,5.30653,0.67841,-90.03877,4.87018,-3.53849,15.64153,-40.28309,8175d6b9-1bb7-4853-bf4c-875fe94663c5,6cac01e9-8d55-49ca-8e73-17dc2a1477e1,74.933090000000007,LiveBpPitching,23360159,NA,1000444244,"Chipman, Jay",NA,NA,NA,Right,NA,NA,NA,NA,NA,NA,NA,NA,NA,NA,NA,NA,NA,NA,NA,NA,71bf36bc-b323-48be-9a7c-a502172f3fae,6d85b82a-1796-4667-aa9c-65f17a02ab82
14,2025-12-29,16:34:30,"Game, Gaynor",1000495029,Left,NA,NA,BallCalled,1,0,NA,Live,NA,64.79106,0.7848282763,4.404080663,1682.941599,148.1796032,11:00:00,5.14548,-2.08661,6.57691,-29.92177,11.35384,-7.09154,3.22914,0.55765,59.71136,-6.286929173,2.726422775,0.4624003109,7.43632,9.3914,2.60631,50,4.9996,-7.76732,-95.89909,2.92692,6.82464,16.83815,-23.55516,29f8cb0c-9559-4ff4-b95e-a2eceec5bf12,6cac01e9-8d55-49ca-8e73-17dc2a1477e1,81.51474,LiveBpPitching,23360159,NA,1000444244,"Chipman, Jay",NA,NA,NA,Right,NA,NA,NA,NA,NA,NA,NA,NA,NA,NA,NA,NA,NA,NA,NA,NA,81e256f0-82b0-4b55-9b83-05401a762e94,6d85b82a-1796-4667-aa9c-65f17a02ab82
15,2025-12-29,16:34:47,"Game, Gaynor",1000495029,Left,NA,NA,BallCalled,2,0,NA,Live,NA,57.51736,-1.810633062,4.576091173,1663.472486,322.5399078,04:45:00,5.49971,-1.73702,5.90509,NA,NA,NA,NA,NA,NA,NA,NA,NA,-5.35435,-8.54103,2.19746,50,5.59258,-6.46103,-85.08733,0.0055,-3.80934,14.8878,-38.25055,3ca94535-a62c-4510-bfd4-b2ced2086ef5,6cac01e9-8d55-49ca-8e73-17dc2a1477e1,NA,LiveBpPitching,23360159,NA,1000444244,"Chipman, Jay",NA,NA,NA,Right,NA,NA,NA,NA,NA,NA,NA,NA,NA,NA,NA,NA,NA,NA,NA,NA,f51d71b9-c6a8-44f8-8130-fc3a0e177586,6d85b82a-1796-4667-aa9c-65f17a02ab82
16,2025-12-29,16:35:02,"Game, Gaynor",1000495029,Left,NA,NA,InPlay,3,0,NA,Live,NA,56.26007,2.77093824,2.523993782,1304.325831,333.4867501,05:00:00,5.47594,-1.81836,NA,-70.92469,-9.18648,4.56112,1.72084,0.52278,52.5673,-12.94339045,3.548055983,0.5655206099,-2.63597,-7.91161,1.99598,50,5.23216,-3.5401,-82.98151,5.85153,-1.80463,12.98375,-37.59048,c99d50f9-6e61-41b5-8531-d44685f76d38,6cac01e9-8d55-49ca-8e73-17dc2a1477e1,NA,LiveBpPitching,23360159,12.15591074,1000444244,"Chipman, Jay",NA,FlyBall,79.47352,Right,38.62514873,NA,NA,NA,283.63124,13.51927,4.850806979,5.194885627,2.54354,2.19592,-0.48593,NA,NA,NA,NA,NA,946a3575-2463-4379-b295-4b71ae01d4f6,6d85b82a-1796-4667-aa9c-65f17a02ab82
17,2025-12-29,16:39:13,"Game, Chipman",1000495139,Right,NA,NA,InPlay,0,0,Fastball,Live,NA,61.4722,0.7480368136,-2.759338851,1584.463954,222.0422694,01:30:00,5.761,1.80482,7.02873,-33.25536,11.10206,10.06105,3.5329,0.64044,57.265,-7.163402617,-0.3562670081,0.4793520106,-9.52711,9.40372,-2.16555,50,5.59651,4.95857,-91.13385,3.06279,-7.97286,14.00957,-24.30445,a5d9c4b2-8494-45c1-a64f-8ccf9b28a6e5,6cac01e9-8d55-49ca-8e73-17dc2a1477e1,78.63207,LiveBpPitching,23360159,-19.71986142,1000283624,"Gaynor, Jared",NA,GroundBall,73.06891,Left,-14.50624296,NA,NA,NA,13.56551,12.85086,0.1215388293,-20.45973359,1.08627,3.60086,-0.61425,NA,NA,NA,NA,NA,9beb7958-317d-49f2-9754-93a74569d790,6d85b82a-1796-4667-aa9c-65f17a02ab82
18,2025-12-29,16:39:37,"Game, Chipman",1000495139,Right,NA,NA,BallCalled,0,0,Curveball,Live,NA,52.5746,5.689569307,1.490748755,1600.116998,52.69382848,07:45:00,5.68427,1.93915,6.24584,-70.97825,-6.90974,-8.92666,3.9889,2.29707,48.7993,-10.89694008,-0.6143625115,0.5760944598,7.953,-7.63395,-1.76192,50,4.94499,-2.38255,-77.6064,10.61995,4.77309,11.15413,-36.75565,d1b1bd30-5167-4228-84c2-46c800bc246e,6cac01e9-8d55-49ca-8e73-17dc2a1477e1,65.42753,LiveBpPitching,23360159,NA,1000283624,"Gaynor, Jared",NA,NA,NA,Left,NA,NA,NA,NA,NA,NA,NA,NA,NA,NA,NA,NA,NA,NA,NA,NA,c0c12164-6093-45d2-bed6-30148e9c0615,6d85b82a-1796-4667-aa9c-65f17a02ab82
19,2025-12-29,16:39:54,"Game, Chipman",1000495139,Right,NA,NA,BallCalled,1,0,Fastball,Live,NA,62.03815,2.475363759,-1.640890456,1525.215447,230.6280337,01:45:00,5.90127,1.86502,6.65148,-35.06598,9.15546,11.21315,4.79257,1.59823,57.8187,-5.795314339,1.010747919,0.4786166796,-10.00475,7.1075,-2.07718,50,5.546,3.22538,-91.85764,5.83007,-8.54813,13.60772,-26.10135,35edc991-7407-4587-a1d7-6bc3cc41615e,6cac01e9-8d55-49ca-8e73-17dc2a1477e1,78.75287,LiveBpPitching,23360159,NA,1000283624,"Gaynor, Jared",NA,NA,NA,Left,NA,NA,NA,NA,NA,NA,NA,NA,NA,NA,NA,NA,NA,NA,NA,NA,bc25a245-d5bd-4611-936a-fb1035933793,6d85b82a-1796-4667-aa9c-65f17a02ab82
20,2025-12-29,16:40:12,"Game, Chipman",1000495139,Right,NA,NA,FoulBall,2,0,Fastball,Live,NA,62.86902,-1.251003065,-2.796504582,1612.276091,207.5257122,01:00:00,5.79119,1.76463,7.07962,-30.29732,12.2773,6.41922,2.35899,0.27224,58.38513,-8.463919831,-1.257059544,0.4696202188,-6.46417,11.06682,-2.12461,50,5.87917,4.92699,-93.2793,-0.2904,-5.62052,15.75234,-22.55157,33f8192b-3c04-402f-b2f1-6d4f98039c41,6cac01e9-8d55-49ca-8e73-17dc2a1477e1,80.26153,LiveBpPitching,23360159,NA,1000283624,"Gaynor, Jared",NA,NA,NA,Left,NA,NA,NA,NA,NA,NA,NA,NA,NA,NA,NA,NA,NA,NA,NA,NA,14a08e1f-e6fb-4db0-a494-3baae7ffe1bc,6d85b82a-1796-4667-aa9c-65f17a02ab82
21,2025-12-29,16:40:42,"Game, Chipman",1000495139,Right,NA,NA,BallCalled,2,1,Cutter,Live,NA,58.30448,-1.668460066,-4.708459607,1699.984163,192.2619669,12:30:00,5.61089,2.02227,6.32838,-46.19576,3.98847,0.87809,0.52626,-1.38483,56.36918,-12.18865943,-4.505637462,0.5098648004,-1.71228,3.68782,-2.54504,50,5.71477,7.11339,-85.8599,-0.31791,-1.31042,9.0752,-29.35173,7fd6970a-d47f-4fed-9b8d-c488848eadb5,6cac01e9-8d55-49ca-8e73-17dc2a1477e1,73.92634,LiveBpPitching,23360159,NA,1000283624,"Gaynor, Jared",NA,NA,NA,Left,NA,NA,NA,NA,NA,NA,NA,NA,NA,NA,NA,NA,NA,NA,NA,NA,e3a5bc5c-0f0e-4c54-94be-267d2fad5eca,6d85b82a-1796-4667-aa9c-65f17a02ab82
22,2025-12-29,16:41:01,"Game, Chipman",1000495139,Right,NA,NA,BallCalled,3,1,Fastball,Live,NA,62.23019,1.134365296,-3.080914162,1596.434784,209.1907584,01:00:00,5.8954,1.57912,6.71663,-31.42762,12.9533,7.2707,4.10664,-0.06842,57.30614,-6.330958866,-1.34974116,0.4794789576,-7.2229,10.70284,-1.95478,50,5.7011,5.35311,-92.28318,3.4987,-6.12494,15.867,-23.09816,830efb06-4a25-4c6b-b477-930d53e258da,6cac01e9-8d55-49ca-8e73-17dc2a1477e1,78.61125,LiveBpPitching,23360159,NA,1000283624,"Gaynor, Jared",NA,NA,NA,Left,NA,NA,NA,NA,NA,NA,NA,NA,NA,NA,NA,NA,NA,NA,NA,NA,ae2db9e4-6e68-440a-94ff-c4d044ef2264,6d85b82a-1796-4667-aa9c-65f17a02ab82
23,2025-12-29,16:41:25,"Game, Chipman",1000495139,Right,NA,NA,StrikeCalled,0,0,Fastball,Live,NA,62.59025,-1.602985088,-3.047588508,1604.04524,215.1800843,01:15:00,5.92288,1.92777,6.14352,-32.33992,12.69363,8.97401,2.03854,0.41608,58.08728,-9.128838405,-0.9407772339,0.4829914881,-8.44044,11.07977,-2.2691,50,6.0437,5.36137,-92.6724,-1.05674,-7.24138,15.58837,-22.66828,7970f3df-4bde-4d4a-918a-fbf06ea778cf,6cac01e9-8d55-49ca-8e73-17dc2a1477e1,78.03955,LiveBpPitching,23360159,NA,1000283624,"Gaynor, Jared",NA,NA,NA,Left,NA,NA,NA,NA,NA,NA,NA,NA,NA,NA,NA,NA,NA,NA,NA,NA,0fc1fde9-ae6c-430a-8a11-a6cb03b3fe8b,6d85b82a-1796-4667-aa9c-65f17a02ab82
24,2025-12-29,16:41:47,"Game, Chipman",1000495139,Right,NA,NA,BallCalled,0,1,Curveball,Live,NA,54.09494,4.753772701,0.213765877,1763.884916,72.39322821,08:30:00,5.71165,1.97459,6.09895,-65.31092,-4.15914,-12.88818,3.80209,1.05909,49.92187,-10.51405803,-2.825156421,0.5628283598,10.79441,-5.1325,-1.93191,50,5.10347,-0.81849,-80.04145,9.29067,6.8284,12.72829,-35.4208,21b8ed77-ee31-44d8-881b-88c1348fbb28,6cac01e9-8d55-49ca-8e73-17dc2a1477e1,66.96969,LiveBpPitching,23360159,NA,1000283624,"Gaynor, Jared",NA,NA,NA,Left,NA,NA,NA,NA,NA,NA,NA,NA,NA,NA,NA,NA,NA,NA,NA,NA,4595086c-5fdc-4052-9b87-a7ffbb1b8d32,6d85b82a-1796-4667-aa9c-65f17a02ab82
25,2025-12-29,16:42:17,"Game, Chipman",1000495139,Right,NA,NA,InPlay,1,1,Fastball,Live,NA,62.22856,0.1099907688,-1.766544674,1594.365345,214.9475829,01:15:00,5.73346,1.74062,6.36721,-34.09178,10.29002,7.22072,2.97356,1.04032,58.40878,-7.841147707,-0.07257668651,0.4794837605,-6.54213,8.61768,-1.94961,50,5.66163,3.20547,-92.14599,1.8933,-5.64365,13.26389,-24.7399,eae35a9d-89b5-4851-aeb3-e6782ae096f5,6cac01e9-8d55-49ca-8e73-17dc2a1477e1,78.61046,LiveBpPitching,23360159,-35.92000847,1000283624,"Gaynor, Jared",NA,LineDrive,74.21694,Left,18.43981218,NA,NA,NA,NA,10.91539,NA,NA,1.50711,3.06595,-1.09566,NA,NA,NA,NA,NA,d5920898-6c14-4500-b8bf-787d026a5ace,6d85b82a-1796-4667-aa9c-65f17a02ab82
26,2025-12-29,16:43:04,"Game, Chipman",1000495139,Right,NA,NA,BallCalled,0,0,Curveball,Live,NA,52.1546,7.789518396,2.626483677,1726.2355,61.88953008,08:00:00,5.66806,1.9173,NA,-75.93197,-6.4182,-11.67308,5.29303,2.93858,47.82167,-9.534157244,-0.05723864012,0.6000767617,10.14618,-7.67105,-1.67046,50,4.88824,-3.86978,-76.44039,12.83061,5.90265,10.89587,-36.63676,d2e1c499-621e-4089-94fa-5beaea1d183e,6cac01e9-8d55-49ca-8e73-17dc2a1477e1,NA,LiveBpPitching,23360159,NA,1000283624,"Gaynor, Jared",NA,NA,NA,Left,NA,NA,NA,NA,NA,NA,NA,NA,NA,NA,NA,NA,NA,NA,NA,NA,752721f0-148a-44e1-83fc-18f1d724aefb,6d85b82a-1796-4667-aa9c-65f17a02ab82
27,2025-12-29,16:43:25,"Game, Chipman",1000495139,Right,NA,NA,NA,NA,NA,Curveball,Warmup,NA,55.05692,2.743102967,-0.4314098475,1685.035025,48.01743476,07:30:00,5.63644,1.92785,6.12046,-65.26198,-7.3604,-8.12006,2.23252,0.93145,51.97955,-12.34189083,-2.332805479,0.5476670602,6.62349,-6.93747,-1.96108,50,5.23988,0.27321,-81.51554,6.64302,4.42623,11.39788,-36.8101,8743a743-8454-4fee-a949-b9beb5ea0683,6cac01e9-8d55-49ca-8e73-17dc2a1477e1,68.82364,LiveBpPitching,23360159,NA,NA,NA,NA,NA,NA,Left,NA,NA,NA,NA,NA,NA,NA,NA,NA,NA,NA,NA,NA,NA,NA,NA,c67ff0ec-9486-4724-afbf-e0fea6654101,6d85b82a-1796-4667-aa9c-65f17a02ab82
28,2025-12-29,16:43:55,"Game, Chipman",1000495139,Right,NA,NA,NA,NA,NA,Fastball,Warmup,NA,64.39821,-1.00392581,-3.650984372,1726.971689,213.877497,01:15:00,5.8812,1.75426,6.51853,-29.66527,12.27057,8.27129,2.67047,-0.24054,59.4162,-7.996395694,-1.690827675,0.4660838768,-8.21537,10.72877,-2.18519,50,5.94189,6.5249,-95.4221,-0.1111,-7.43917,17.13355,-22.45896,72a5ff71-13a2-4fd1-bdd3-8ce971d45d4f,6cac01e9-8d55-49ca-8e73-17dc2a1477e1,80.87051,LiveBpPitching,23360159,NA,NA,NA,NA,NA,NA,Left,NA,NA,NA,NA,NA,NA,NA,NA,NA,NA,NA,NA,NA,NA,NA,NA,e00ee0c2-69fd-4698-9e72-a0c3f0fc7401,6d85b82a-1796-4667-aa9c-65f17a02ab82
29,2025-12-29,16:44:20,"Game, Chipman",1000495139,Right,NA,NA,NA,NA,NA,Cutter,Warmup,NA,59.24563,-0.3320344052,-2.912690674,1782.462854,184.9584974,12:15:00,5.56119,2.24297,6.13522,-42.12109,7.07351,0.61802,1.80479,0.13471,56.41923,-10.00685952,-2.76941143,0.50481251,-1.20314,5.95601,-2.55613,50,5.52854,4.48201,-87.53075,1.4313,-0.94702,10.66871,-27.48595,10b9cbfc-9b7d-4717-bb3a-08abdb097555,6cac01e9-8d55-49ca-8e73-17dc2a1477e1,74.66621,LiveBpPitching,23360159,32.73993912,NA,NA,NA,GroundBall,66.82378,Left,7.443216899,NA,NA,NA,119.88235,17.36072,1.390580549,28.87900599,3.84933,2.40428,-0.22121,NA,NA,NA,NA,NA,4978cbee-da14-42db-af57-1d6827f24f08,6d85b82a-1796-4667-aa9c-65f17a02ab82
30,2025-12-29,16:45:46,"Game, Gaynor",1000495029,Left,NA,NA,FoulBall,0,0,Curveball,Live,NA,55.30568,2.616071967,2.212990428,1315.916815,330.9380149,05:00:00,5.38787,-1.61041,NA,-75.08048,-10.30817,5.70238,1.17583,0.59277,51.67509,-13.93002413,3.490090981,0.5792500716,-3.53629,-8.67836,1.75663,50,5.16886,-3.01813,-81.58959,5.50493,-2.32915,13.02592,-37.88999,c9d7c8e6-0a2e-47d9-8cf5-b7fbe9231348,6cac01e9-8d55-49ca-8e73-17dc2a1477e1,NA,LiveBpPitching,23360159,NA,1000444244,"Chipman, Jay",NA,NA,NA,Right,NA,NA,NA,NA,NA,NA,NA,NA,NA,NA,NA,NA,NA,NA,NA,NA,6c64e70b-90df-44b0-a710-a43e4ed8af13,6d85b82a-1796-4667-aa9c-65f17a02ab82
31,2025-12-29,16:46:06,"Game, Gaynor",1000495029,Left,NA,NA,StrikeCalled,0,1,Knuckleball,Live,NA,53.3442,4.699602811,1.584343268,NA,NA,NA,5.18901,-2.12715,NA,-71.31577,-3.41288,0.0488,2.8685,-0.90477,49.11905,-11.39671024,1.5954646,0.5930830549,0.52391,-4.3201,2.25256,50,4.75933,-2.17441,-78.66318,8.42645,0.31974,12.39602,-34.8106,9ac2b4f6-cd2f-4ebd-84c5-59d52a7c7020,6cac01e9-8d55-49ca-8e73-17dc2a1477e1,NA,LiveBpPitching,23360159,NA,1000444244,"Chipman, Jay",NA,NA,NA,Right,NA,NA,NA,NA,NA,NA,NA,NA,NA,NA,NA,NA,NA,NA,NA,NA,b18d8f0c-0287-497e-b3db-084f8d49f598,6d85b82a-1796-4667-aa9c-65f17a02ab82
32,2025-12-29,16:46:25,"Game, Gaynor",1000495029,Left,NA,NA,StrikeSwinging,0,2,Fastball,Live,NA,61.87065,1.404315076,3.684263815,1598.602314,139.1642204,10:45:00,5.16339,-2.13853,5.91176,-37.55665,9.04567,-7.87611,3.08192,-0.04719,57.20239,-7.325020422,1.848159266,0.491332135,7.64109,7.01439,2.53067,50,4.96346,-6.24511,-91.50172,3.93197,6.40219,14.97972,-26.29694,af7949e4-dec3-4b0d-8b3b-2b17343f40f4,6cac01e9-8d55-49ca-8e73-17dc2a1477e1,76.71478,LiveBpPitching,23360159,NA,1000444244,"Chipman, Jay",NA,NA,NA,Right,NA,NA,NA,NA,NA,NA,NA,NA,NA,NA,NA,NA,NA,NA,NA,NA,0c8fc18e-2af2-4f81-8f3c-fd8f0e8ce714,6d85b82a-1796-4667-aa9c-65f17a02ab82
33,2025-12-29,16:46:46,"Game, Gaynor",1000495029,Left,NA,NA,StrikeSwinging,0,0,Sinker,Live,NA,59.71777,2.642465485,4.177760948,1500.912864,96.42005977,09:15:00,4.48937,-2.41391,6.24136,-48.26747,1.2073,-11.45676,2.42648,-0.27576,55.20465,-8.657520935,1.484088948,0.5062479706,10.92809,0.15828,2.88865,50,4.12119,-6.97807,-88.2777,6.31719,8.49555,14.30724,-32.051,1b427ae0-7187-4624-8509-304033672552,6cac01e9-8d55-49ca-8e73-17dc2a1477e1,74.4545,LiveBpPitching,23360159,NA,1000444244,"Chipman, Jay",NA,NA,NA,Right,NA,NA,NA,NA,NA,NA,NA,NA,NA,NA,NA,NA,NA,NA,NA,NA,fa1239a2-ae3a-4fef-abc3-7b8c8c038f8e,6d85b82a-1796-4667-aa9c-65f17a02ab82
34,2025-12-29,16:47:02,"Game, Gaynor",1000495029,Left,NA,NA,StrikeCalled,0,1,Cutter,Live,NA,59.00113,2.932397721,2.036089546,1773.703483,186.8991504,12:15:00,4.95727,-2.17398,5.85554,-47.16474,3.15611,0.38661,3.21697,-0.62273,55.80118,-7.896780731,2.12523386,0.5105583766,0.16147,1.89907,2.38159,50,4.58838,-3.07897,-87.07547,6.49942,0.12584,10.49289,-30.69393,dde00c3b-76d8-4adb-8546-3dc4ea0c326e,6cac01e9-8d55-49ca-8e73-17dc2a1477e1,73.82591,LiveBpPitching,23360159,NA,1000444244,"Chipman, Jay",NA,NA,NA,Right,NA,NA,NA,NA,NA,NA,NA,NA,NA,NA,NA,NA,NA,NA,NA,NA,e548a359-239e-40db-a0b7-25ab1c4679d4,6d85b82a-1796-4667-aa9c-65f17a02ab82
35,2025-12-29,16:47:19,"Game, Gaynor",1000495029,Left,NA,NA,InPlay,0,2,Curveball,Live,NA,60.65244,1.67255168,2.266937864,1411.423638,323.2490273,04:45:00,5.3632,-1.74901,NA,-62.64232,-10.03875,7.47291,1.44037,0.63118,56.81155,-12.21254285,3.944496542,0.5220102037,-4.98823,-8.20014,1.90976,50,5.19859,-3.32967,-89.53328,4.4154,-3.994,14.56747,-38.73978,fb35ffc3-7fab-4f9f-a3f3-1a75fd6f4d17,6cac01e9-8d55-49ca-8e73-17dc2a1477e1,NA,LiveBpPitching,23360159,28.7808774,1000444244,"Chipman, Jay",NA,FlyBall,81.0579,Right,27.43834228,NA,NA,NA,269.1913,16.39541,4.400248418,32.01920275,1.60242,1.78818,-0.65565,NA,NA,NA,NA,NA,05e8d85d-a3ca-44e3-bed4-ac650e5b13a3,6d85b82a-1796-4667-aa9c-65f17a02ab82
36,2025-12-29,16:47:48,"Game, Gaynor",1000495029,Left,NA,NA,BallCalled,0,0,Curveball,Live,NA,54.82282,0.3700967032,3.616499349,1671.4291,330.3870904,05:00:00,5.55985,-1.77556,5.75567,NA,NA,NA,NA,NA,NA,NA,NA,NA,-4.14104,-9.61801,2.13041,50,5.42503,-4.87916,-81.15881,3.26143,-2.70082,12.81441,-38.44699,5eff6f5c-434e-414a-be45-0ea4f61471e7,6cac01e9-8d55-49ca-8e73-17dc2a1477e1,NA,LiveBpPitching,23360159,NA,1000444244,"Chipman, Jay",NA,NA,NA,Right,NA,NA,NA,NA,NA,NA,NA,NA,NA,NA,NA,NA,NA,NA,NA,NA,106e6c71-bbd1-4127-9ca6-55720964f149,6d85b82a-1796-4667-aa9c-65f17a02ab82
37,2025-12-29,16:48:09,"Game, Gaynor",1000495029,Left,NA,NA,StrikeCalled,1,0,Curveball,Live,NA,57.77577,3.287270262,0.4097810565,1482.473603,324.7706008,04:45:00,5.62399,-1.76344,5.37882,-64.43872,-9.1286,6.40543,2.73569,-0.92065,53.49108,-11.50735279,1.896365995,0.5352709935,-5.0156,-8.50579,1.79446,50,5.24009,-0.37597,-85.51308,7.2822,-3.62234,14.50052,-38.31706,7d0314e5-7166-4c8a-a52d-587aa7a8088f,6cac01e9-8d55-49ca-8e73-17dc2a1477e1,70.41749,LiveBpPitching,23360159,NA,1000444244,"Chipman, Jay",NA,NA,NA,Right,NA,NA,NA,NA,NA,NA,NA,NA,NA,NA,NA,NA,NA,NA,NA,NA,1fdf2d58-5d91-4861-b8fa-adc34e0d27f1,6d85b82a-1796-4667-aa9c-65f17a02ab82
38,2025-12-29,16:48:28,"Game, Gaynor",1000495029,Left,NA,NA,BallCalled,1,1,Curveball,Live,NA,60.20132,5.758911163,0.7471636997,1351.331647,338.004241,05:15:00,5.56634,-1.70915,5.18521,-62.98446,-11.60703,4.65052,4.69478,-0.75564,55.47931,-8.650554631,1.81722852,0.5158905635,-3.4712,-11.11468,1.77175,50,4.97529,-0.98553,-88.68908,11.2623,-2.72425,14.41898,-40.89702,c3d2db6f-e7f6-4899-ae04-d83635e74cb4,6cac01e9-8d55-49ca-8e73-17dc2a1477e1,73.06286,LiveBpPitching,23360159,NA,1000444244,"Chipman, Jay",NA,NA,NA,Right,NA,NA,NA,NA,NA,NA,NA,NA,NA,NA,NA,NA,NA,NA,NA,NA,789cdf62-8ec6-44a4-a9a7-6bb451bb3254,6d85b82a-1796-4667-aa9c-65f17a02ab82
39,2025-12-29,16:48:45,"Game, Gaynor",1000495029,Left,NA,NA,BallCalled,2,1,Curveball,Live,NA,57.87708,2.116679563,0.9015236,1249.795484,339.2729563,05:15:00,5.59352,-1.89663,6.01631,-63.75516,-10.66031,4.01583,1.85405,-0.89215,54.19236,-12.6424786,1.844292481,0.5244421593,-3.02669,-9.53322,1.98525,50,5.27505,-1.17852,-85.7999,5.89616,-2.21436,13.92539,-39.14865,d62b8ebc-eb6e-4bb9-a918-c038cd807e89,6cac01e9-8d55-49ca-8e73-17dc2a1477e1,71.87149,LiveBpPitching,23360159,NA,1000444244,"Chipman, Jay",NA,NA,NA,Right,NA,NA,NA,NA,NA,NA,NA,NA,NA,NA,NA,NA,NA,NA,NA,NA,06d51388-d373-4d19-9a9e-ef087d307193,6d85b82a-1796-4667-aa9c-65f17a02ab82
40,2025-12-29,16:49:04,"Game, Gaynor",1000495029,Left,NA,NA,BallCalled,3,1,Fastball,Live,NA,62.90969,4.533039145,3.046428586,1550.541282,121.2997678,10:00:00,5.12858,-2.15929,6.07375,-38.97135,5.65622,-9.41318,5.25599,-0.68134,58.12797,-4.549445475,0.8491678751,0.4808094412,8.68401,3.38633,2.49722,50,4.58556,-5.38476,-92.78919,9.2154,7.54711,14.29367,-29.23106,3aaa4d28-7249-4f92-b3ab-0512d2cb218f,6cac01e9-8d55-49ca-8e73-17dc2a1477e1,78.39372,LiveBpPitching,23360159,NA,1000444244,"Chipman, Jay",NA,NA,NA,Right,NA,NA,NA,NA,NA,NA,NA,NA,NA,NA,NA,NA,NA,NA,NA,NA,007688fa-a869-41d4-8fe4-6a1b1d7bf2b5,6d85b82a-1796-4667-aa9c-65f17a02ab82
41,2025-12-29,16:49:22,"Game, Gaynor",1000495029,Left,NA,NA,StrikeSwinging,0,0,Curveball,Live,NA,60.06017,2.83800307,1.18983142,1486.477273,313.5545649,04:30:00,5.54296,-1.63884,6.46349,-56.4832,-7.75866,8.11818,2.92448,-0.08752,55.35776,-10.49244149,3.122632387,0.5023949646,-6.42965,-7.60464,1.75881,50,5.12314,-1.46054,-89.15902,7.14295,-5.01974,16.41337,-38.11112,4ae19307-0362-4e49-bb77-7f48a5e44746,6cac01e9-8d55-49ca-8e73-17dc2a1477e1,75.02551,LiveBpPitching,23360159,NA,1000444244,"Chipman, Jay",NA,NA,NA,Right,NA,NA,NA,NA,NA,NA,NA,NA,NA,NA,NA,NA,NA,NA,NA,NA,0a793fe1-d728-48a7-918a-e3626991d3ee,6d85b82a-1796-4667-aa9c-65f17a02ab82
42,2025-12-29,16:51:14,"Game, Chipman",1000495139,Right,NA,NA,NA,NA,NA,Curveball,Warmup,NA,52.46826,4.726442674,-0.5051457342,1677.525092,52.73322347,07:45:00,5.78957,2.08162,6.26294,-71.50161,-7.36834,-9.59051,3.33027,0.90929,48.95355,-11.95644423,-2.767738337,0.5763855909,7.86528,-7.7347,-2.12099,50,5.15353,0.29366,-77.60834,9.32886,4.71143,11.32889,-36.80726,b6668d1f-9c89-44ec-a93e-fa92688d5777,6cac01e9-8d55-49ca-8e73-17dc2a1477e1,65.39449,LiveBpPitching,23360159,NA,NA,NA,NA,NA,NA,Left,NA,NA,NA,NA,NA,NA,NA,NA,NA,NA,NA,NA,NA,NA,NA,NA,ce4f377a-c1e1-466b-9956-e7af2f603f3c,6d85b82a-1796-4667-aa9c-65f17a02ab82
43,2025-12-29,16:52:43,"Game, Chipman",1000495139,Right,NA,NA,NA,NA,NA,NA,Warmup,NA,53.81995,2.985183715,-1.706603424,1627.380755,62.87104143,08:00:00,5.61487,1.96419,5.94693,-68.71228,-6.45445,-12.52256,2.11326,-0.3497,50.08734,-12.93395549,-4.647610438,0.567895474,9.72442,-6.42524,-2.12317,50,5.20472,1.89147,-79.77528,6.8255,6.0816,13.08627,-36.19236,a6753ed2-bf61-4693-ace3-500270a996a4,6cac01e9-8d55-49ca-8e73-17dc2a1477e1,66.37214,LiveBpPitching,23360159,NA,NA,NA,NA,NA,NA,Right,NA,NA,NA,NA,NA,NA,NA,NA,NA,NA,NA,NA,NA,NA,NA,NA,e5b6a831-6c07-4e8b-aaba-bc548c889638,6d85b82a-1796-4667-aa9c-65f17a02ab82
44,2025-12-29,16:53:04,"Game, Chipman",1000495139,Right,NA,NA,NA,NA,NA,NA,Warmup,NA,58.35618,2.926251702,-3.251269721,1712.007605,161.011243,11:15:00,5.68788,1.97445,NA,-50.72067,3.84908,-1.33924,3.70801,-0.63005,55.06457,-8.413747919,-3.551863285,0.5316764136,0.25263,2.28636,-2.24021,50,5.40225,4.83735,-85.91789,6.0401,0.19115,10.53496,-30.44403,ddf5ba1c-6a08-403d-99d1-086132a919f1,6cac01e9-8d55-49ca-8e73-17dc2a1477e1,NA,LiveBpPitching,23360159,NA,NA,NA,NA,NA,NA,Right,NA,NA,NA,NA,NA,NA,NA,NA,NA,NA,NA,NA,NA,NA,NA,NA,c02ccca2-2d8f-4210-bf61-726c9d943aec,6d85b82a-1796-4667-aa9c-65f17a02ab82
45,2025-12-29,16:53:33,"Game, Chipman",1000495139,Right,NA,NA,NA,NA,NA,NA,Warmup,NA,58.10563,1.33659293,-2.367478196,1651.545588,122.5471308,10:00:00,5.52488,2.14481,5.74734,-49.59259,3.80874,-6.03186,2.39248,-0.12885,53.97408,-10.11237659,-3.771685236,0.5259536015,4.15006,2.67286,-2.37423,50,5.32331,3.31426,-86.06544,4.01607,3.05544,13.99789,-30.20618,94b1440c-2dc3-4fde-8719-e2ee8d2a6eaa,6cac01e9-8d55-49ca-8e73-17dc2a1477e1,71.66495,LiveBpPitching,23360159,25.66249274,NA,NA,NA,GroundBall,87.31281,Right,-8.671024675,NA,NA,NA,18.11993,12.47097,0.1218454467,21.28606175,3.2463,2.65149,-0.08357,NA,NA,NA,NA,NA,73084021-d8e3-4bd8-a1e9-3b7be7b4a53d,6d85b82a-1796-4667-aa9c-65f17a02ab82
46,2025-12-29,16:54:01,"Game, Chipman",1000495139,Right,NA,NA,NA,NA,NA,NA,Warmup,NA,63.655029999999996,0.4219728304,-2.209232931,1712.577326,215.9319976,01:15:00,5.76421,1.8267,7.04003,-28.98002,12.70837,9.24387,3.6554,0.99439,58.67779,-6.514142818,0.01121281958,0.4647067071,-8.74779,10.88878,-2.11833,50,5.64948,4.18206,-94.5442,2.3734,-7.78034,16.74959,-22.4895,bcb7a326-1d5c-47f9-9166-7b3dc67461bb,6cac01e9-8d55-49ca-8e73-17dc2a1477e1,81.11017,LiveBpPitching,23360159,NA,NA,NA,NA,NA,NA,Right,NA,NA,NA,NA,NA,NA,NA,NA,NA,NA,NA,NA,NA,NA,NA,NA,a3d2169a-9fef-4ee9-b88d-662cc86eabca,6d85b82a-1796-4667-aa9c-65f17a02ab82
47,2025-12-29,16:54:25,"Game, Chipman",1000495139,Right,NA,NA,NA,NA,NA,NA,Warmup,NA,55.45413,-1.215264071,-4.842451449,1767.097684,43.1446664,07:30:00,5.68162,2.19445,NA,NA,NA,NA,NA,NA,NA,NA,NA,NA,6.00518,-7.71682,-2.57864,50,5.71937,6.63673,-81.72734,0.39854,3.99753,12.35707,-37.31098,fd0c16a5-3c1f-4c23-9f3d-f71006e5642a,6cac01e9-8d55-49ca-8e73-17dc2a1477e1,NA,LiveBpPitching,23360159,NA,NA,NA,NA,NA,NA,Right,NA,NA,NA,NA,NA,NA,NA,NA,NA,NA,NA,NA,NA,NA,NA,NA,0e4ee906-f056-468e-9631-080b6e2b6d9b,6d85b82a-1796-4667-aa9c-65f17a02ab82
48,2025-12-29,16:54:47,"Game, Chipman",1000495139,Right,NA,NA,NA,NA,NA,NA,Warmup,NA,56.3536,4.093229972,0.6782875883,1621.777445,92.39911153,09:00:00,5.20055,2.48184,NA,-58.9241,0.3792,-10.41595,3.41659,2.13103,51.97945,-9.312825155,-1.707623727,0.5542565201,8.43426,-1.0587,-2.41396,50,4.79404,-1.31933,-83.20752,7.84577,5.80559,13.05723,-32.90279,e951ce3a-9951-438a-8575-8fb601aa2524,6cac01e9-8d55-49ca-8e73-17dc2a1477e1,NA,LiveBpPitching,23360159,NA,NA,NA,NA,NA,NA,Right,NA,NA,NA,NA,NA,NA,NA,NA,NA,NA,NA,NA,NA,NA,NA,NA,1b7e1e35-65b3-41d4-84d5-23065c8ddb22,6d85b82a-1796-4667-aa9c-65f17a02ab82
49,2025-12-29,16:55:10,"Game, Chipman",1000495139,Right,NA,NA,NA,NA,NA,NA,Warmup,NA,57.86033,4.96415989,0.7292384733,1843.657345,147.7119647,11:00:00,5.63538,2.09581,5.90978,-49.17071,3.34584,-2.13548,5.24468,2.46102,54.26541,-6.378076389,0.2349737781,0.5215783059,1.93485,1.53561,-2.01742,50,5.04904,-1.17632,-85.26262,9.5033,1.44106,10.43115,-31.03034,24249ccd-4c3e-47ad-8c50-a671261dff4a,6cac01e9-8d55-49ca-8e73-17dc2a1477e1,72.26612,LiveBpPitching,23360159,NA,NA,NA,NA,NA,NA,Right,NA,NA,NA,NA,NA,NA,NA,NA,NA,NA,NA,NA,NA,NA,NA,NA,198c31bf-f874-4c22-9721-61f8c9cc87fc,6d85b82a-1796-4667-aa9c-65f17a02ab82
50,2025-12-29,16:55:36,"Game, Chipman",1000495139,Right,NA,NA,NA,NA,NA,NA,Warmup,NA,56.42849,1.300137933,-4.112569325,1772.726065,77.26140202,08:30:00,5.66117,2.28976,NA,-62.8909,-3.17499,-13.95696,1.41879,-2.02858,53.04092,-12.72316977,-7.263944503,0.5561813763,9.54556,-2.91115,-2.61563,50,5.49976,5.56062,-83.26673,3.81592,6.58213,13.04118,-34.18143,f76f4a1f-3358-44fe-9976-2cf4611a2edf,6cac01e9-8d55-49ca-8e73-17dc2a1477e1,NA,LiveBpPitching,23360159,NA,NA,NA,NA,NA,NA,Right,NA,NA,NA,NA,NA,NA,NA,NA,NA,NA,NA,NA,NA,NA,NA,NA,9d6370b1-4702-44e6-98a7-ffc572cb5f87,6d85b82a-1796-4667-aa9c-65f17a02ab82
51,2025-12-29,16:55:56,"Game, Chipman",1000495139,Right,NA,NA,NA,NA,NA,NA,Warmup,NA,63.55338,-4.060132493,-4.115934057,1618.600954,207.9202573,01:00:00,5.76228,1.67467,6.50555,-27.7087,15.29702,8.10397,0.45875,-0.67793,59.37512,-10.50239873,-2.205660898,0.4719918419,-8.09564,14.16906,-2.15756,50,6.17482,7.17266,-93.79831,-5.22923,-7.15702,15.20511,-19.64775,1e19d652-94b7-4de7-ace5-abc5a2bc6396,6cac01e9-8d55-49ca-8e73-17dc2a1477e1,79.85824,LiveBpPitching,23360159,NA,NA,NA,NA,NA,NA,Right,NA,NA,NA,NA,NA,NA,NA,NA,NA,NA,NA,NA,NA,NA,NA,NA,97b31de5-fde9-4df6-a50a-5495dd4e795a,6d85b82a-1796-4667-aa9c-65f17a02ab82
52,2025-12-29,16:56:19,"Game, Chipman",1000495139,Right,NA,NA,NA,NA,NA,NA,Warmup,NA,58.96769,-0.7765834226,-3.208258217,1767.928354,183.0033815,12:00:00,6.0834,1.94601,5.76938,-39.51836,11.75275,0.61976,2.20897,-0.4022,55.30797,-9.840627987,-3.064799072,0.515356544,-1.43352,9.84122,-2.27026,50,6.1069,4.91287,-87.18513,0.46538,-1.09937,12.67456,-24.6268,df8b923f-2064-4ace-a8dc-870fc71b3be0,6cac01e9-8d55-49ca-8e73-17dc2a1477e1,73.13857,LiveBpPitching,23360159,NA,NA,NA,NA,NA,NA,Right,NA,NA,NA,NA,NA,NA,NA,NA,NA,NA,NA,NA,NA,NA,NA,NA,f69e01ff-c7b8-4f9a-95ec-a074abe83979,6d85b82a-1796-4667-aa9c-65f17a02ab82
53,2025-12-29,16:57:12,"Game, Chipman",1000495139,Right,NA,NA,NA,NA,NA,NA,Warmup,NA,65.02741,-1.475547952,-3.324370255,1661.483804,207.9801167,01:00:00,5.71194,1.90049,NA,-27.95857,13.61043,7.2532,2.28611,0.03771,60.52987,-7.9699806,-1.629285122,0.4640407911,-7.00815,11.74593,-2.26675,50,5.82545,5.94545,-96.18526,-1.10031,-6.52737,15.72573,-21.23393,26312a50-30fd-4e19-839f-cc82f38086d0,6cac01e9-8d55-49ca-8e73-17dc2a1477e1,NA,LiveBpPitching,23360159,NA,NA,NA,NA,NA,NA,Right,NA,NA,NA,NA,NA,NA,NA,NA,NA,NA,NA,NA,NA,NA,NA,NA,848ede88-d4bb-4758-a823-3844a8355c01,6d85b82a-1796-4667-aa9c-65f17a02ab82
54,2025-12-29,16:57:39,"Game, Chipman",1000495139,Right,NA,NA,NA,NA,NA,NA,Warmup,NA,54.49949,6.908600307,0.546155239,1643.471821,53.2081724,07:45:00,5.51234,2.23536,NA,-72.45211,-7.07685,-9.30771,4.81344,1.87972,49.83885,-9.462066157,-1.572527071,0.5819398447,7.40797,-7.87673,-2.18486,50,4.90678,-1.02313,-80.05784,11.72442,4.69988,12.49834,-37.17132,d9387593-11b9-4ebd-9b5e-d03fd00c0d4b,6cac01e9-8d55-49ca-8e73-17dc2a1477e1,NA,LiveBpPitching,23360159,NA,NA,NA,NA,NA,NA,Right,NA,NA,NA,NA,NA,NA,NA,NA,NA,NA,NA,NA,NA,NA,NA,NA,06424bf5-eda6-4343-8a2d-f9f35f643ab4,6d85b82a-1796-4667-aa9c-65f17a02ab82
55,2025-12-29,16:58:04,"Game, Chipman",1000495139,Right,NA,NA,NA,NA,NA,NA,Warmup,NA,60.12121,0.615856004,-2.42876043,1731.768641,183.198573,12:00:00,5.80112,2.12308,5.89812,-37.54439,11.18254,0.62774,3.13166,0.36489,56.3921,-8.044543315,-2.283198242,0.5024072835,-1.1753,9.03245,-2.37417,50,5.68262,3.79936,-88.92418,2.60872,-0.94332,12.46787,-24.92443,c6e2a905-a2a4-4b80-ab91-f2a3e53164bf,6cac01e9-8d55-49ca-8e73-17dc2a1477e1,75.02367,LiveBpPitching,23360159,NA,NA,NA,NA,NA,NA,Right,NA,NA,NA,NA,NA,NA,NA,NA,NA,NA,NA,NA,NA,NA,NA,NA,25e104df-7dda-4693-9b9a-1a43836c1961,6d85b82a-1796-4667-aa9c-65f17a02ab82
56,2025-12-29,16:58:57,"Game, Chipman",1000495139,Right,NA,NA,NA,NA,NA,NA,Warmup,NA,56.9223,3.033655745,0.2234739066,1570.235618,117.954744,10:00:00,4.48345,2.82452,5.08019,-52.82021,3.81843,-7.27681,2.38732,2.3878,53.34217,-8.940158131,-1.436681365,0.541661297,5.83332,2.19428,-2.79709,50,4.15896,-0.5787,-84.05262,6.27549,4.17763,11.2764,-30.60258,485f7367-f77c-4979-a945-1ac5924e5c49,6cac01e9-8d55-49ca-8e73-17dc2a1477e1,69.58673,LiveBpPitching,23360159,NA,NA,NA,NA,NA,NA,Right,NA,NA,NA,NA,NA,NA,NA,NA,NA,NA,NA,NA,NA,NA,NA,NA,96dbd6cb-b5dd-47b2-89ad-ab9f5d2efe4e,6d85b82a-1796-4667-aa9c-65f17a02ab82
57,2025-12-29,16:59:19,"Game, Chipman",1000495139,Right,NA,NA,NA,NA,NA,NA,Warmup,NA,64.88867,-0.9164140954,-4.343000599,1774.358552,205.1915267,12:45:00,5.7795,1.89367,6.72278,-28.71693,11.88412,5.61824,2.71491,-0.81725,60.40076,-7.68249956,-3.014186782,0.4586063246,-6.08991,10.42883,-2.41528,50,5.83089,7.60378,-95.99246,0.0631,-5.64669,15.72908,-22.50423,941ecb95-34fb-4581-9d68-bce6ec0a924c,6cac01e9-8d55-49ca-8e73-17dc2a1477e1,82.1891,LiveBpPitching,23360159,NA,NA,NA,NA,NA,NA,Right,NA,NA,NA,NA,NA,NA,NA,NA,NA,NA,NA,NA,NA,NA,NA,NA,13fe472d-0232-473a-9e24-a2d6833e9c0f,6d85b82a-1796-4667-aa9c-65f17a02ab82
58,2025-12-29,17:02:17,"Game, Gaynor",1000495029,Left,NA,NA,NA,NA,NA,Curveball,Warmup,NA,56.34502,4.36696439,-0.4123514754,1751.325675,319.086067,04:45:00,5.52761,-1.6952,5.11354,-69.28799,-10.22899,8.79273,3.07331,-1.27532,52.04778,-11.46011051,1.617074514,0.5531137666,-7.14466,-9.67921,1.64927,50,5.06515,0.89488,-83.2469,8.68791,-4.88914,13.76255,-38.79759,a4b8fbda-38c0-4235-9929-8a927462f910,6cac01e9-8d55-49ca-8e73-17dc2a1477e1,68.14591,LiveBpPitching,23360159,NA,NA,NA,NA,NA,NA,Right,NA,NA,NA,NA,NA,NA,NA,NA,NA,NA,NA,NA,NA,NA,NA,NA,1904cf17-0823-4c36-9b93-3ff249a7d230,6d85b82a-1796-4667-aa9c-65f17a02ab82
59,2025-12-29,17:02:52,"Game, Gaynor",1000495029,Left,NA,NA,NA,NA,NA,Fastball,Warmup,NA,59.42881,0.6293913955,4.716002806,1473.709857,146.6000124,11:00:00,5.18819,-1.85202,6.48808,-39.8002,9.74746,-6.47992,2.33551,1.08069,54.8016,-8.744260924,3.183539362,0.5066207816,7.08431,8.03487,2.39885,50,5.04548,-7.56924,-87.96687,2.88787,5.43605,14.88894,-26.0086,a2fd7278-1d3b-461b-8fae-b8c962c09595,6cac01e9-8d55-49ca-8e73-17dc2a1477e1,74.39971,LiveBpPitching,23360159,NA,NA,NA,NA,NA,NA,Right,NA,NA,NA,NA,NA,NA,NA,NA,NA,NA,NA,NA,NA,NA,NA,NA,4433fe17-53e1-4a49-956d-3b843a9c5bed,6d85b82a-1796-4667-aa9c-65f17a02ab82
60,2025-12-29,17:03:36,"Game, Gaynor",1000495029,Left,NA,NA,NA,NA,NA,NA,Warmup,NA,59.08594,2.80261805,0.8016649735,1609.691132,320.3112424,04:45:00,5.50871,-1.8439,5.62318,-61.18875,-9.32566,7.69923,2.51293,-0.60117,55.13046,-11.26601966,2.590515136,0.5183231459,-6.00502,-8.49571,1.91261,50,5.15413,-0.9151,-87.46091,6.73534,-4.5785,14.13856,-38.65157,c620fb10-ee24-4f15-9f0f-6cf34e692131,6cac01e9-8d55-49ca-8e73-17dc2a1477e1,72.71996,LiveBpPitching,23360159,NA,NA,NA,NA,NA,NA,Right,NA,NA,NA,NA,NA,NA,NA,NA,NA,NA,NA,NA,NA,NA,NA,NA,cdea4851-9c78-4d3a-9b23-5e077cd4be23,6d85b82a-1796-4667-aa9c-65f17a02ab82
61,2025-12-29,17:04:23,"Game, Gaynor",1000495029,Left,NA,NA,NA,NA,NA,NA,Warmup,NA,63.12505,3.331611457,2.00759173,1652.590504,119.3268358,10:00:00,5.04209,-2.1783,NA,-40.55561,6.63479,-11.91054,4.21344,-1.63569,58.11776,-5.880045631,-0.7047943993,0.4944225016,9.95441,4.17322,2.35698,50,4.7263,-3.68485,-93.16207,6.85397,8.65832,15.34255,-28.54419,bd064900-d912-451f-aa1a-0a0777d3da79,6cac01e9-8d55-49ca-8e73-17dc2a1477e1,NA,LiveBpPitching,23360159,NA,NA,NA,NA,NA,NA,Right,NA,NA,NA,NA,NA,NA,NA,NA,NA,NA,NA,NA,NA,NA,NA,NA,5aae2b5c-7bd1-4839-801e-895737f4912d,6d85b82a-1796-4667-aa9c-65f17a02ab82
62,2025-12-29,17:04:40,"Game, Gaynor",1000495029,Left,NA,NA,NA,NA,NA,NA,Warmup,NA,55.98079,4.803442493,-0.7497649799,1145.176947,326.0995488,04:45:00,5.60642,-1.70998,4.96842,-69.88271,-9.84157,6.55235,3.44826,-1.73472,51.8363,-11.08318229,0.7540587832,0.5576938678,-5.43007,-9.38362,1.63854,50,5.12047,1.29306,-82.59081,9.20439,-3.68032,12.92398,-38.53395,afa2be4c-992d-4afe-b2df-8dddb37d8600,6cac01e9-8d55-49ca-8e73-17dc2a1477e1,67.58625,LiveBpPitching,23360159,NA,NA,NA,NA,NA,NA,Right,NA,NA,NA,NA,NA,NA,NA,NA,NA,NA,NA,NA,NA,NA,NA,NA,56afd9e9-7198-4dae-9d8a-6c72a4ab9215,6d85b82a-1796-4667-aa9c-65f17a02ab82
63,2025-12-29,17:04:51,"Game, Gaynor",1000495029,Left,NA,NA,NA,NA,NA,NA,Warmup,NA,63.7005,3.144371295,0.6775952473,1728.932211,308.1428151,04:15:00,5.52666,-1.65431,5.91212,-52.57619,-8.22087,10.41488,3.48961,-0.28173,58.61844,-9.117984561,3.122379059,0.4793406485,-8.35129,-7.89087,1.70923,50,5.12616,-0.64049,-94.39975,7.58892,-7.34446,17.77205,-39.1136,2410baa2-c55a-4e19-b3ea-1869039e67a4,6cac01e9-8d55-49ca-8e73-17dc2a1477e1,78.63393,LiveBpPitching,23360159,NA,NA,NA,NA,NA,NA,Right,NA,NA,NA,NA,NA,NA,NA,NA,NA,NA,NA,NA,NA,NA,NA,NA,dee2e094-0b0c-4da7-9058-b03b1635f8e8,6d85b82a-1796-4667-aa9c-65f17a02ab82
64,2025-12-29,17:05:33,"Game, Gaynor",1000495029,Left,NA,NA,NA,NA,NA,NA,Warmup,NA,62.07012,3.959957394,0.2991283103,1652.575312,320.9428676,04:45:00,5.65748,-1.59285,6.10253,-54.17712,-7.78079,6.26914,4.08348,-0.84864,56.93149,-8.754141099,1.778964504,0.490245073,-5.10911,-7.88437,1.61502,50,5.15126,-0.18975,-91.95219,8.87428,-4.25869,16.99264,-38.74604,077b33f8-8cbd-4062-a249-a15b1fc8a4ac,6cac01e9-8d55-49ca-8e73-17dc2a1477e1,76.88489,LiveBpPitching,23360159,NA,NA,NA,NA,NA,NA,Right,NA,NA,NA,NA,NA,NA,NA,NA,NA,NA,NA,NA,NA,NA,NA,NA,b2ca8cc0-91fa-4fe2-b6d7-9dd389ca900b,6d85b82a-1796-4667-aa9c-65f17a02ab82
65,2025-12-29,17:05:49,"Game, Gaynor",1000495029,Left,NA,NA,NA,NA,NA,NA,Warmup,NA,62.08116,1.669663999,1.943588245,1469.62325,324.9143739,04:45:00,5.64669,-1.55088,5.75285,-56.78658,-9.8863,6.92288,2.16368,0.47948,57.72897,-11.43469596,3.5590196,0.4929003825,-5.00004,-8.66912,1.73672,50,5.40187,-2.82332,-91.99882,5.13307,-4.18924,16.49988,-39.43738,7d1bdeb9-6a1a-4b7e-9287-887ebe39ef90,6cac01e9-8d55-49ca-8e73-17dc2a1477e1,76.4707,LiveBpPitching,23360159,NA,NA,NA,NA,NA,NA,Right,NA,NA,NA,NA,NA,NA,NA,NA,NA,NA,NA,NA,NA,NA,NA,NA,220975e3-2742-4b7a-82ac-c8cf73dcd010,6d85b82a-1796-4667-aa9c-65f17a02ab82
66,2025-12-29,17:06:07,"Game, Gaynor",1000495029,Left,NA,NA,NA,NA,NA,NA,Warmup,NA,60.31121,1.911319246,2.175560517,1767.714997,319.684999,04:45:00,5.55579,-1.48761,5.6843,-60.77644,-10.99634,9.30683,1.92372,0.91765,56.364,-12.04799291,4.33929634,0.507807718,-6.86535,-9.61609,1.69123,50,5.28554,-3.00815,-89.31731,5.4964,-5.43702,15.22021,-39.78952,873ad389-57e3-47fa-8028-ad2ac70bb006,6cac01e9-8d55-49ca-8e73-17dc2a1477e1,74.22581,LiveBpPitching,23360159,NA,NA,NA,NA,NA,NA,Right,NA,NA,NA,NA,NA,NA,NA,NA,NA,NA,NA,NA,NA,NA,NA,NA,4bc81925-1a0b-434d-8384-139f27f34edc,6d85b82a-1796-4667-aa9c-65f17a02ab82
67,2025-12-29,17:06:24,"Game, Gaynor",1000495029,Left,NA,NA,NA,NA,NA,NA,Warmup,NA,67.35621,-0.1687344107,4.292477044,1707.264582,144.2379689,10:45:00,4.99533,-1.97808,6.65984,-26.5542,11.48936,-8.31965,2.65867,0.47533,62.05616,-6.45757145,2.318787843,0.4439273969,8.48237,9.8508,2.49383,50,4.96432,-7.95936,-99.74444,1.21421,8.4136,18.35291,-22.40311,612a5b38-12af-4115-a5cc-b95a7c37954e,6cac01e9-8d55-49ca-8e73-17dc2a1477e1,84.90676,LiveBpPitching,23360159,NA,NA,NA,NA,NA,NA,Right,NA,NA,NA,NA,NA,NA,NA,NA,NA,NA,NA,NA,NA,NA,NA,NA,c86aadb4-d447-4e1b-abae-531a7eed766c,6d85b82a-1796-4667-aa9c-65f17a02ab82
68,2025-12-29,17:06:42,"Game, Gaynor",1000495029,Left,NA,NA,NA,NA,NA,NA,Warmup,NA,63.77332,2.481582897,0.9363882788,1436.529061,339.3366306,05:15:00,5.48435,-1.51842,5.78227,-57.86065,-13.77511,5.17847,2.51783,-0.38732,59.53724,-10.86869417,2.143003093,0.4778806841,-3.94569,-12.07435,1.60577,50,5.15372,-1.31078,-94.43075,6.69249,-3.5146,16.19455,-42.9292,6a12c8cc-1d4c-46e9-a08f-fe42e09e783c,6cac01e9-8d55-49ca-8e73-17dc2a1477e1,78.87416,LiveBpPitching,23360159,NA,NA,NA,NA,NA,NA,Right,NA,NA,NA,NA,NA,NA,NA,NA,NA,NA,NA,NA,NA,NA,NA,NA,ba371616-d7d2-43a4-ae5b-2011f9057e25,6d85b82a-1796-4667-aa9c-65f17a02ab82
69,2025-12-29,17:07:19,"Game, Gaynor",1000495029,Left,NA,NA,NA,NA,NA,NA,Warmup,NA,63.50005,3.682663463,0.5968727803,1490.372842,329.0056538,05:00:00,5.44557,-1.49295,NA,-59.37774,-10.90006,6.51316,3.35734,-0.48731,58.39946,-9.621770357,2.06667249,0.5011207034,-4.7675,-9.5826,1.53193,50,5.13933,-0.78376,-93.69444,7.78419,-4.1451,17.04847,-40.50564,1070e4cd-ab10-472c-93bc-ee866232dc23,6cac01e9-8d55-49ca-8e73-17dc2a1477e1,NA,LiveBpPitching,23360159,NA,NA,NA,NA,NA,NA,Right,NA,NA,NA,NA,NA,NA,NA,NA,NA,NA,NA,NA,NA,NA,NA,NA,5185905e-55e7-471e-8ef2-cac386e1db80,6d85b82a-1796-4667-aa9c-65f17a02ab82
70,2025-12-29,17:07:37,"Game, Gaynor",1000495029,Left,NA,NA,NA,NA,NA,NA,Warmup,NA,63.32794,2.578960933,0.2613888141,1510.966065,340.7744454,05:15:00,5.62067,-1.30101,5.48981,-57.4072,-11.5731,4.01889,2.77777,-0.7695,58.358,-10.67041811,1.197809229,0.4872655995,-3.15979,-10.29617,1.32117,50,5.30365,-0.26211,-93.83535,6.59744,-2.73975,17.8395,-41.10152,fb0826df-7271-4534-afda-377752007df9,6cac01e9-8d55-49ca-8e73-17dc2a1477e1,77.35502,LiveBpPitching,23360159,NA,NA,NA,NA,NA,NA,Right,NA,NA,NA,NA,NA,NA,NA,NA,NA,NA,NA,NA,NA,NA,NA,NA,d5f5d596-e4c4-40a2-92e0-4cf765ab98aa,6d85b82a-1796-4667-aa9c-65f17a02ab82
71,2025-12-29,17:07:54,"Game, Gaynor",1000495029,Left,NA,NA,NA,NA,NA,NA,Warmup,NA,64.44511,2.337013965,1.201075648,1791.381172,313.6903587,04:30:00,5.59541,-1.35357,5.63258,-54.30332,-10.08627,10.52261,2.82339,0.42381,59.06509,-10.26563173,3.664354822,0.4785929297,-8.11904,-9.116,1.4582,50,5.29603,-1.54991,-95.57859,6.24431,-7.24696,19.54129,-40.31089,6b78c33f-5c64-49c3-9a07-d80282f8312e,6cac01e9-8d55-49ca-8e73-17dc2a1477e1,78.75678,LiveBpPitching,23360159,NA,NA,NA,NA,NA,NA,Right,NA,NA,NA,NA,NA,NA,NA,NA,NA,NA,NA,NA,NA,NA,NA,NA,4b997acb-c4a3-4ca4-a378-ff94a97bc38b,6d85b82a-1796-4667-aa9c-65f17a02ab82
72,2025-12-29,17:09:34,"Game, Chipman",1000495139,Right,NA,NA,NA,NA,NA,NA,Warmup,NA,55.58778,4.76740937,-0.1782679186,1772.103777,57.94601797,08:00:00,5.74918,1.8153,NA,-67.6214,-6.26861,-9.89894,3.77772,0.85371,51.76644,-10.44929,-2.42454861,0.5637526293,7.65888,-6.34597,-1.82134,50,5.30327,-0.04129,-81.91897,8.85523,5.15441,11.79266,-36.44488,2557fbde-272f-421f-8d75-0533365c1465,6cac01e9-8d55-49ca-8e73-17dc2a1477e1,NA,LiveBpPitching,23360159,NA,NA,NA,NA,NA,NA,Left,NA,NA,NA,NA,NA,NA,NA,NA,NA,NA,NA,NA,NA,NA,NA,NA,8525cf83-1391-49b4-9b18-81f28008dbe5,6d85b82a-1796-4667-aa9c-65f17a02ab82
73,2025-12-29,17:09:52,"Game, Chipman",1000495139,Right,NA,NA,NA,NA,NA,NA,Warmup,NA,61.48221,-0.8361501174,-3.734883043,1816.724771,46.29575394,07:30:00,5.76534,1.89779,5.57479,-58.17787,-9.93895,-10.36748,0.28816,-1.7737,58.02507,-14.00659213,-6.128966041,0.4998851121,7.16809,-7.79128,-2.24857,50,5.77319,5.51048,-90.94313,1.06127,5.88689,15.74691,-38.57275,55bed611-8dee-44e5-a385-c26fd8773073,6cac01e9-8d55-49ca-8e73-17dc2a1477e1,75.4022,LiveBpPitching,23360159,NA,NA,NA,NA,NA,NA,Left,NA,NA,NA,NA,NA,NA,NA,NA,NA,NA,NA,NA,NA,NA,NA,NA,af1719ae-2a73-4d22-a02d-0db67811e98b,6d85b82a-1796-4667-aa9c-65f17a02ab82
74,2025-12-29,17:10:08,"Game, Chipman",1000495139,Right,NA,NA,NA,NA,NA,NA,Warmup,NA,59.2584,5.696608087,1.936395211,1866.768709,43.87967555,07:30:00,5.70074,1.92569,5.92126,-60.13301,-8.84035,-8.39602,4.94778,2.6684,54.50028,-8.306913306,-0.02937914642,0.5154648216,7.55645,-9.15817,-1.71327,50,5.02221,-3.31383,-87.40344,11.29338,5.74786,14.23685,-39.14027,461511a6-4a2f-490a-a641-bd7ee6486885,6cac01e9-8d55-49ca-8e73-17dc2a1477e1,73.1232,LiveBpPitching,23360159,NA,NA,NA,NA,NA,NA,Left,NA,NA,NA,NA,NA,NA,NA,NA,NA,NA,NA,NA,NA,NA,NA,NA,23a405ef-7750-4a45-9029-ac26863cfa10,6d85b82a-1796-4667-aa9c-65f17a02ab82
75,2025-12-29,17:10:24,"Game, Chipman",1000495139,Right,NA,NA,NA,NA,NA,NA,Warmup,NA,68.30404,-1.171550105,-2.65332779,1878.362558,213.2587685,01:00:00,5.89065,1.71779,6.66926,-24.87345,11.56676,7.6078,2.95979,0.40937,63.82117,-7.022106688,-0.8550842684,0.434472,-7.2207,10.18321,-2.04162,50,5.97892,5.13255,-101.14318,-0.61465,-7.48074,16.47747,-21.62411,3673b9f2-9ba6-4db8-a1ff-b965210946b3,6cac01e9-8d55-49ca-8e73-17dc2a1477e1,86.75459,LiveBpPitching,23360159,NA,NA,NA,NA,NA,NA,Left,NA,NA,NA,NA,NA,NA,NA,NA,NA,NA,NA,NA,NA,NA,NA,NA,1db7bebc-ad9b-4a1e-bdb5-e4cecadf6ded,6d85b82a-1796-4667-aa9c-65f17a02ab82
76,2025-12-29,17:10:56,"Game, Chipman",1000495139,Right,NA,NA,NA,NA,NA,NA,Warmup,NA,58.86368,5.433739248,-0.727949107,1819.138588,59.29590788,08:00:00,5.7868,1.92125,5.51922,-58.80258,-5.63791,-9.39659,4.98326,0.59104,53.9221,-8.169061338,-2.912490906,0.524786868,7.36311,-6.45141,-1.97978,50,5.18917,0.74069,-86.8824,10.53805,5.49881,14.77997,-36.992,6c0cc67b-c167-490c-afbc-13ad685d10b0,6cac01e9-8d55-49ca-8e73-17dc2a1477e1,71.82428,LiveBpPitching,23360159,NA,NA,NA,NA,NA,NA,Left,NA,NA,NA,NA,NA,NA,NA,NA,NA,NA,NA,NA,NA,NA,NA,NA,93f84d85-53b6-4d58-92e7-df4aaf3a1614,6d85b82a-1796-4667-aa9c-65f17a02ab82
77,2025-12-29,17:11:12,"Game, Chipman",1000495139,Right,NA,NA,NA,NA,NA,NA,Warmup,NA,67.66996,-1.09614257,-2.673518721,1781.709529,203.8842453,12:45:00,5.97035,1.96846,6.39223,-23.83686,14.19262,6.3019,3.1758,0.52348,62.48114,-6.701411838,-1.185239453,0.4438453088,-6.15894,12.3024,-2.2779,50,6.05135,5.02524,-100.29717,-0.62829,-6.18688,18.31642,-19.81584,e9ef2ae7-67cc-4875-9d59-c1dbafe67f0f,6cac01e9-8d55-49ca-8e73-17dc2a1477e1,84.92247,LiveBpPitching,23360159,NA,NA,NA,NA,NA,NA,Left,NA,NA,NA,NA,NA,NA,NA,NA,NA,NA,NA,NA,NA,NA,NA,NA,7d65220f-604b-47b0-9c5d-e22a4f40e238,6d85b82a-1796-4667-aa9c-65f17a02ab82
78,2025-12-29,17:11:30,"Game, Chipman",1000495139,Right,NA,NA,NA,NA,NA,NA,Warmup,NA,48.32617,3.997509,-3.710626954,1229.702048,203.8233988,12:45:00,6.18534,1.64418,NA,-63.86669,12.7392,5.66248,3.86761,-0.66635,45.58198,-10.60163195,-2.4069954670000002,0.6299447658,-5.59089,9.31871,-2.02021,50,5.70138,4.80698,-71.18148,7.13481,-2.88301,7.7837,-27.36875,f75b77d5-d0d9-4ad9-bc3c-b98ce96c5026,6cac01e9-8d55-49ca-8e73-17dc2a1477e1,NA,LiveBpPitching,23360159,NA,NA,NA,NA,NA,NA,Left,NA,NA,NA,NA,NA,NA,NA,NA,NA,NA,NA,NA,NA,NA,NA,NA,023bbfbc-68fb-44d2-927f-58f5d8fd45b3,6d85b82a-1796-4667-aa9c-65f17a02ab82
79,2025-12-29,17:11:51,"Game, Chipman",1000495139,Right,NA,NA,NA,NA,NA,NA,Warmup,NA,63.29484,-3.222302071,-1.531662671,1689.587794,208.5005718,01:00:00,5.79642,1.57487,6.24292,-30.39705,13.71888,7.45367,0.87875,1.06387,58.54931,-10.3012273,0.2302750293,0.4780453731,-6.76255,12.58609,-1.75399,50,6.0983,2.87204,-93.79618,-3.79796,-5.89272,17.08007,-21.20684,618c9983-0ce9-4667-b9e9-f9feb8769c99,6cac01e9-8d55-49ca-8e73-17dc2a1477e1,78.84699,LiveBpPitching,23360159,NA,NA,NA,NA,NA,NA,Left,NA,NA,NA,NA,NA,NA,NA,NA,NA,NA,NA,NA,NA,NA,NA,NA,e621914c-996d-4b36-b057-e0cbda26f32e,6d85b82a-1796-4667-aa9c-65f17a02ab82
80,2025-12-29,17:12:10,"Game, Chipman",1000495139,Right,NA,NA,NA,NA,NA,NA,Warmup,NA,61.99898,3.650935489,-2.246492742,1830.250975,169.3165629,11:45:00,5.66885,2.31278,5.65894,-37.91748,8.52105,-1.61203,5.25006,0.49458,57.80287,-5.07410349,-2.617879954,0.4904679184,0.718,5.9672,-2.53262,50,5.25678,3.51918,-91.47807,7.47371,0.61134,12.88638,-27.09328,57d26e25-cdc5-4ed2-ac8e-b450d2fd868b,6cac01e9-8d55-49ca-8e73-17dc2a1477e1,76.84996,LiveBpPitching,23360159,NA,NA,NA,NA,NA,NA,Left,NA,NA,NA,NA,NA,NA,NA,NA,NA,NA,NA,NA,NA,NA,NA,NA,8c3f8b95-f519-4001-9abb-18ff07f7ac85,6d85b82a-1796-4667-aa9c-65f17a02ab82
81,2025-12-29,17:12:24,"Game, Chipman",1000495139,Right,NA,NA,NA,NA,NA,NA,Warmup,NA,63.01073,-1.230453654,-4.141535026,1743.769689,208.5743411,01:00:00,5.98463,2.24713,6.31481,-29.9287,14.10728,7.7152,2.58032,-0.17058,58.49914,-8.222715562,-2.329411968,0.4776120208,-7.74547,12.21491,-2.71747,50,6.06985,7.13234,-93.19543,-0.51696,-6.7447,15.29823,-21.53739,5427564c-2db1-419e-b208-72756195e057,6cac01e9-8d55-49ca-8e73-17dc2a1477e1,78.91853,LiveBpPitching,23360159,NA,NA,NA,NA,NA,NA,Left,NA,NA,NA,NA,NA,NA,NA,NA,NA,NA,NA,NA,NA,NA,NA,NA,7f557a1f-f878-4d6d-a490-75f337336f97,6d85b82a-1796-4667-aa9c-65f17a02ab82
82,2025-12-29,17:12:45,"Game, Chipman",1000495139,Right,NA,NA,NA,NA,NA,NA,Warmup,NA,59.52456,2.046690202,-1.740471931,1595.304523,191.377784,12:30:00,5.60951,2.20761,5.72427,-42.33498,7.38786,1.49508,3.61395,1.02987,56.21589,-7.654302994,-1.396371157,0.5075155484,-1.6356,5.53564,-2.38362,50,5.34632,2.73472,-87.91709,4.93415,-1.29766,10.86801,-27.78217,d3f58fde-704d-4829-aab3-746151df9b3f,6cac01e9-8d55-49ca-8e73-17dc2a1477e1,74.26854,LiveBpPitching,23360159,NA,NA,NA,NA,NA,NA,Left,NA,NA,NA,NA,NA,NA,NA,NA,NA,NA,NA,NA,NA,NA,NA,NA,db1a537c-fe2f-4744-ae1e-8f31d0752495,6d85b82a-1796-4667-aa9c-65f17a02ab82
83,2025-12-29,17:13:01,"Game, Chipman",1000495139,Right,NA,NA,NA,NA,NA,NA,Warmup,NA,56.96827,0.9616047654,-2.7975323,1735.230031,57.14535136,08:00:00,5.7539,1.98631,NA,-63.69419,-6.68935,-10.30843,1.17598,-0.99521,53.77676,-13.379523,-5.15619706,0.5434095169,7.32027,-5.63489,-2.22688,50,5.59963,3.75892,-84.23529,3.62287,5.18685,12.91983,-36.1667,1baf44db-101c-4ed5-8b73-983ab8faaa58,6cac01e9-8d55-49ca-8e73-17dc2a1477e1,NA,LiveBpPitching,23360159,26.41666924,NA,NA,NA,FlyBall,73.25578,Left,30.68080412,NA,NA,NA,252.1905,17.0031,4.040967557,21.02212441,3.32396,1.81716,0.82323,NA,NA,NA,NA,NA,b1fdb196-5f5e-4215-b2d2-50296cfcb26e,6d85b82a-1796-4667-aa9c-65f17a02ab82
84,2025-12-29,17:13:43,"Game, Chipman",1000495139,Right,NA,NA,NA,NA,NA,NA,Warmup,NA,59.281,2.332036039,-1.577333579,1818.54055,69.05254448,08:15:00,5.80947,2.11741,6.09021,-52.81988,-2.75355,-7.10148,3.13897,0.3555,55.49003,-9.923588583,-3.237963314,0.5092655134,5.42215,-2.9897,-2.27401,50,5.47877,2.0986,-87.77194,5.9436,4.19588,13.35409,-34.4876,7219a813-4b17-4280-8de8-00e312e0e90d,6cac01e9-8d55-49ca-8e73-17dc2a1477e1,74.01333,LiveBpPitching,23360159,NA,NA,NA,NA,NA,NA,Left,NA,NA,NA,NA,NA,NA,NA,NA,NA,NA,NA,NA,NA,NA,NA,NA,f3cb3996-74b7-46d5-b8d8-78c30efdb886,6d85b82a-1796-4667-aa9c-65f17a02ab82
85,2025-12-29,17:14:03,"Game, Chipman",1000495139,Right,NA,NA,NA,NA,NA,NA,Warmup,NA,59.52966,1.070826972,-2.347584212,1858.196248,56.87097831,08:00:00,5.74807,2.13626,5.95276,-55.46568,-5.20948,-7.93284,1.92343,-0.27249,55.77533,-11.7248394,-4.199961135,0.5102302704,5.78987,-4.64882,-2.3686,50,5.55493,3.27108,-88.19782,4.05992,4.48887,14.38521,-35.77827,9e2fdc24-f1f9-4ab3-8208-67ef6f5adc06,6cac01e9-8d55-49ca-8e73-17dc2a1477e1,73.87339,LiveBpPitching,23360159,-8.996979513,NA,NA,NA,GroundBall,92.23542,Left,-5.994413233,NA,NA,NA,21.19531,20.6207,0.149648678,-8.167624289,1.4969,2.20921,0.22464,NA,NA,NA,NA,NA,7edc1f22-e31e-42e5-9e38-79b1c0f9ebff,6d85b82a-1796-4667-aa9c-65f17a02ab82
86,2025-12-29,17:14:30,"Game, Chipman",1000495139,Right,NA,NA,NA,NA,NA,NA,Warmup,NA,59.77358,1.645219683,-2.041952828,1878.254039,82.21600166,08:45:00,5.4486,2.44362,5.58297,-51.4194,-0.92565,-6.51364,2.39951,0.36769,55.91997,-10.14102667,-3.547587316,0.5114346993,4.6663,-1.25232,-2.63433,50,5.22222,2.89008,-88.44376,4.62033,3.66269,13.67951,-33.15702,b90af243-d76a-459b-a50a-f7daedf5e3af,6cac01e9-8d55-49ca-8e73-17dc2a1477e1,73.69942,LiveBpPitching,23360159,5.436594263,NA,NA,NA,GroundBall,78.96496,Left,9.360942966,NA,NA,NA,154.95182,64.35352,1.553222468,2.504154494,1.96028,2.65905,-0.39336,NA,NA,NA,NA,NA,bc349537-ddaf-450e-88b2-5d350884a567,6d85b82a-1796-4667-aa9c-65f17a02ab82
87,2025-12-29,17:15:55,"Game, Gaynor",1000495029,Left,NA,NA,NA,NA,NA,NA,Warmup,NA,56.23943,0.7968902411,5.418362796,1442.735582,134.8953639,10:30:00,5.20031,-2.02621,NA,-48.62856,9.61455,-9.75399,1.75088,1.25428,52.07781,-10.33810233,3.171114637,0.5492798734,9.65489,7.49329,2.55273,50,5.06636,-8.22285,-82.9559,2.92583,6.61118,12.89367,-27.04302,6663b1e1-1e7f-4775-acdc-118b133d5792,6cac01e9-8d55-49ca-8e73-17dc2a1477e1,NA,LiveBpPitching,23360159,NA,NA,NA,NA,NA,NA,Right,NA,NA,NA,NA,NA,NA,NA,NA,NA,NA,NA,NA,NA,NA,NA,NA,9f5110c1-07d6-412e-8536-d2c3f98bb48e,6d85b82a-1796-4667-aa9c-65f17a02ab82
88,2025-12-29,17:16:09,"Game, Gaynor",1000495029,Left,NA,NA,NA,NA,NA,NA,Warmup,NA,58.85624,0.9789260293,3.100822384,1526.289995,144.1243408,10:45:00,5.18237,-1.89713,6.41816,-38.46265,11.46921,-8.34159,2.69869,-0.30807,54.84328,-8.033995883,1.136838185,0.5085811629,7.94283,9.37759,2.25956,50,5.00457,-5.11853,-87.13748,3.32663,6.07286,12.88259,-25.00421,be09c002-69b0-4768-9152-ba9bc8e46a2c,6cac01e9-8d55-49ca-8e73-17dc2a1477e1,74.11293,LiveBpPitching,23360159,-2.48709048,NA,NA,NA,FlyBall,83.20763,Right,35.96673987,NA,NA,NA,315.24072,15.41245,4.939931729,-2.093724084,2.91121,2.9846,0.38891,NA,NA,NA,NA,NA,ed49df74-e75b-40b3-8b73-891f87d0a152,6d85b82a-1796-4667-aa9c-65f17a02ab82
89,2025-12-29,17:16:37,"Game, Gaynor",1000495029,Left,NA,NA,NA,NA,NA,NA,Warmup,NA,58.58434,1.4650322,4.271830599,1541.337434,134.0746361,10:30:00,5.0716,-2.04869,NA,-44.84925,9.30908,-9.70427,2.45328,0.40207,54.59978,-8.678678778,2.067336887,0.5296683245,8.88056,6.92228,2.42775,50,4.90065,-6.7829,-86.36764,3.74749,6.68816,12.35815,-26.96071,b7258f9c-b930-4d67-b5b2-2864b644bc5e,6cac01e9-8d55-49ca-8e73-17dc2a1477e1,NA,LiveBpPitching,23360159,NA,NA,NA,NA,NA,NA,Right,NA,NA,NA,NA,NA,NA,NA,NA,NA,NA,NA,NA,NA,NA,NA,NA,5d84ff36-4b38-4213-8bcd-9a6cd9730e5d,6d85b82a-1796-4667-aa9c-65f17a02ab82
90,2025-12-29,17:16:48,"Game, Gaynor",1000495029,Left,NA,NA,NA,NA,NA,NA,Warmup,NA,61.45505,1.934372516,4.228923959,1502.549801,132.8616373,10:30:00,5.01603,-2.10826,6.26619,-38.07867,8.53492,-9.28382,3.27593,0.24714,56.63771,-7.00089009,2.046169772,0.4913915831,9.13318,6.52537,2.58701,50,4.74063,-7.16484,-90.88734,4.90061,7.52761,15.14213,-26.7958,ce7293bc-6cf2-487e-aaa8-5deff5e00c03,6cac01e9-8d55-49ca-8e73-17dc2a1477e1,76.7055,LiveBpPitching,23360159,-20.38175658,NA,NA,NA,FlyBall,74.31296,Right,32.87473827,NA,NA,NA,251.68919,13.96294,3.530482358,-24.44823131,1.97475,3.44161,-0.2094,NA,NA,NA,NA,NA,6724d40f-9255-47dc-a92c-4b214700867a,6d85b82a-1796-4667-aa9c-65f17a02ab82
91,2025-12-29,17:17:06,"Game, Gaynor",1000495029,Left,NA,NA,NA,NA,NA,NA,Warmup,NA,58.03363,2.373354446,5.694545099,1483.398409,120.3055341,10:00:00,4.1051,-2.34019,6.06145,-46.73998,6.05879,-10.5588,1.98123,1.02007,53.84975,-8.48022195,3.237874941,0.5229778485,10.47807,4.3060600000000004,2.96095,50,3.78034,-8.9869,-85.52665,5.59166,7.69873,12.68092,-29.01018,3ab23183-e858-4a54-82ec-5116db710d1f,6cac01e9-8d55-49ca-8e73-17dc2a1477e1,72.07273,LiveBpPitching,23360159,NA,NA,NA,NA,NA,NA,Right,NA,NA,NA,NA,NA,NA,NA,NA,NA,NA,NA,NA,NA,NA,NA,NA,0a1d0eee-8999-41b2-b6fe-6f1a2831f1fd,6d85b82a-1796-4667-aa9c-65f17a02ab82
92,2025-12-29,17:17:17,"Game, Gaynor",1000495029,Left,NA,NA,NA,NA,NA,NA,Warmup,NA,63.60786,1.34959503,3.079047921,1563.540157,117.3578071,10:00:00,4.92365,-2.005,6.25151,-37.80692,5.5327,-10.80181,2.77183,-0.62806,58.83842,-7.510866802,0.537377114,0.473820622,10.00857,4.20429,2.35914,50,4.71365,-5.60227,-94.19843,4.09573,8.87934,15.99512,-28.44411,024580cc-2246-4125-a203-95e80b19a470,6cac01e9-8d55-49ca-8e73-17dc2a1477e1,79.55002,LiveBpPitching,23360159,23.68596567,NA,NA,NA,GroundBall,85.05236,Right,-22.27676159,NA,NA,NA,9.5507,9.57059,0.06210231925,22.02779124,2.3759,2.96703,0.67866,NA,NA,NA,NA,NA,c005fe6e-a09d-4913-a2ac-98492e0bc50c,6d85b82a-1796-4667-aa9c-65f17a02ab82
93,2025-12-29,17:18:14,"Game, Gaynor",1000495029,Left,NA,NA,NA,NA,NA,NA,Warmup,NA,58.31864,2.62898135,5.173630177,1467.691511,104.8251864,09:30:00,4.73942,-2.12861,NA,-52.98123,2.3295,-9.14615,2.3502,1.08778,54.7087,-9.215645985,3.121484763,0.535273936,8.4722,1.11963,2.55679,50,4.47986,-8.04929,-85.70604,5.62668,6.33683,11.22725,-31.33661,78f6bfa0-0aa8-4ded-80dd-319c4671c1af,6cac01e9-8d55-49ca-8e73-17dc2a1477e1,NA,LiveBpPitching,23360159,NA,NA,NA,NA,NA,NA,Right,NA,NA,NA,NA,NA,NA,NA,NA,NA,NA,NA,NA,NA,NA,NA,NA,9860cf65-eaaa-4514-b53b-bffadad081ad,6d85b82a-1796-4667-aa9c-65f17a02ab82
94,2025-12-29,17:18:26,"Game, Gaynor",1000495029,Left,NA,NA,NA,NA,NA,NA,Warmup,NA,58.76969,1.547860295,4.945366968,1393.41888,106.9598879,09:30:00,4.67524,-2.29459,6.40695,-47.56038,3.11838,-10.4792,1.85582,0.48158,54.53328,-9.596512271,2.477296247,0.5123708231,10.41315,2.13241,2.86728,50,4.41836,-8.00982,-86.86468,4.59625,7.84414,13.76764,-30.56772,aad37cd6-440f-4a75-bca2-2992cb4f5fc6,6cac01e9-8d55-49ca-8e73-17dc2a1477e1,73.56476,LiveBpPitching,23360159,NA,NA,NA,NA,NA,NA,Right,NA,NA,NA,NA,NA,NA,NA,NA,NA,NA,NA,NA,NA,NA,NA,NA,c83cf512-f608-464e-8b16-d82d85ea2bac,6d85b82a-1796-4667-aa9c-65f17a02ab82
95,2025-12-29,17:18:39,"Game, Gaynor",1000495029,Left,NA,NA,NA,NA,NA,NA,Warmup,NA,58.66002,2.463817431,4.248169063,1426.269188,116.968559,10:00:00,4.93819,-2.06375,6.07092,-45.50024,5.86094,-11.69717,2.98078,0.11933,54.50986,-8.116970364,1.518565646,0.5158090162,10.96283,4.13116,2.53289,50,4.60551,-6.95046,-86.62033,5.74549,8.27787,12.79529,-29.05467,d1df4699-205c-4076-90fc-ce85799efede,6cac01e9-8d55-49ca-8e73-17dc2a1477e1,73.07441,LiveBpPitching,23360159,15.70572172,NA,NA,NA,LineDrive,72.44701,Right,21.07805781,NA,NA,NA,215.43581,21.96082,2.778385521,22.55419187,3.13277,3.2566,0.01702,NA,NA,NA,NA,NA,53596c13-fac6-4a9f-a9cf-ac2000ba36d7,6d85b82a-1796-4667-aa9c-65f17a02ab82
96,2025-12-29,17:18:52,"Game, Gaynor",1000495029,Left,NA,NA,NA,NA,NA,NA,Warmup,NA,58.8248,0.4126095356,5.632097829,1479.310514,128.0945709,10:15:00,4.97366,-2.00068,NA,-47.49698,6.41315,-8.28519,1.32929,1.58391,54.33185,-10.42118462,3.730653144,0.5284532517,8.54252,4.99028,2.52587,50,4.88367,-8.85342,-86.73559,2.34671,6.37255,14.479,-28.4514,496cc1c1-30d4-4917-90a4-13a2c80432df,6cac01e9-8d55-49ca-8e73-17dc2a1477e1,NA,LiveBpPitching,23360159,NA,NA,NA,NA,NA,NA,Right,NA,NA,NA,NA,NA,NA,NA,NA,NA,NA,NA,NA,NA,NA,NA,NA,b8588d27-6476-4606-9087-c1454ce4b08c,6d85b82a-1796-4667-aa9c-65f17a02ab82
97,2025-12-29,17:19:02,"Game, Gaynor",1000495029,Left,NA,NA,NA,NA,NA,NA,Warmup,NA,63.74532,2.00218618,3.130237361,1553.782729,153.209556,11:00:00,4.95815,-2.09559,6.55449,-29.94668,12.51554,-6.34903,3.93408,-0.32623,58.84371,-5.074373753,1.628541268,0.4689999206,6.34711,10.00088,2.46577,50,4.67333,-5.49812,-94.39337,4.88965,5.66957,15.70468,-23.24074,ea7cdce5-7ef3-4e31-835a-7c96062201b0,6cac01e9-8d55-49ca-8e73-17dc2a1477e1,80.36769,LiveBpPitching,23360159,NA,NA,NA,NA,NA,NA,Right,NA,NA,NA,NA,NA,NA,NA,NA,NA,NA,NA,NA,NA,NA,NA,NA,1bfcee55-680b-4b97-9a52-1f7bbb8cf14f,6d85b82a-1796-4667-aa9c-65f17a02ab82
98,2025-12-29,17:19:15,"Game, Gaynor",1000495029,Left,NA,NA,NA,NA,NA,NA,Warmup,NA,64.18127,1.112681004,3.63844895,1584.448241,123.7222,10:00:00,4.97485,-2.01623,6.45313,-34.45475,7.80291,-11.78625,2.92354,-0.31943,59.20082,-7.009982076,0.8515705877,0.4678688061,11.12387,6.2324,2.44751,50,4.78808,-6.65738,-95.05702,3.64152,10.02789,16.5768,-26.5557,9b1e6b02-6999-421b-86b5-64559557cb4a,6cac01e9-8d55-49ca-8e73-17dc2a1477e1,80.56198,LiveBpPitching,23360159,11.94194319,NA,NA,NA,GroundBall,88.13599,Right,-1.261701018,NA,NA,NA,42.60024,38.12239,0.3220944024,11.619997,2.48825,3.11811,0.33919,NA,NA,NA,NA,NA,108a0ef4-92b9-4251-85a4-b1d59406a659,6d85b82a-1796-4667-aa9c-65f17a02ab82
99,2025-12-29,17:20:01,"Game, Gaynor",1000495029,Left,NA,NA,NA,NA,NA,NA,Warmup,NA,40.46788,-1.413530686,2.537684398,1112.929771,NA,NA,6.68024,0.17974,NA,NA,NA,NA,NA,NA,NA,NA,NA,NA,-4.23068,5.79307,0.08547,50,6.66965,-2.46817,-59.92014,1.66756,-1.52697,6.18243,-30.08317,bda231b0-e47e-4d02-ada3-0d78a71d6397,6cac01e9-8d55-49ca-8e73-17dc2a1477e1,NA,LiveBpPitching,23360159,NA,NA,NA,NA,NA,NA,Right,NA,NA,NA,NA,NA,NA,NA,NA,NA,NA,NA,NA,NA,NA,NA,NA,bd08f574-73c8-4cf6-8c36-340114e8ae11,6d85b82a-1796-4667-aa9c-65f17a02ab82
100,2025-12-29,17:20:45,"Game, Gaynor",1000495029,Left,NA,NA,NA,NA,NA,NA,Warmup,NA,59.449,-5.645346943,-4.390602713,1592.123483,199.0031732,12:45:00,6.32296,1.25232,NA,NA,NA,NA,NA,NA,NA,NA,NA,NA,-5.51037,14.00376,-1.63521,50,6.77427,6.88245,-87.22348,-7.36485,-4.2355,12.52706,-21.41016,74a50ff2-86cb-439d-a20a-a61b843247a4,6cac01e9-8d55-49ca-8e73-17dc2a1477e1,NA,LiveBpPitching,23360159,NA,NA,NA,NA,NA,NA,Right,NA,NA,NA,NA,NA,NA,NA,NA,NA,NA,NA,NA,NA,NA,NA,NA,3d2afb6d-e20b-4a68-800a-599409f67b36,6d85b82a-1796-4667-aa9c-65f17a02ab82
101,2025-12-29,17:21:09,"Game, Gaynor",1000495029,Left,NA,NA,NA,NA,NA,NA,Warmup,NA,60.96057,-2.668327607,-3.533654655,1492.298102,203.5825746,12:45:00,6.14173,1.34656,5.87741,-34.83936,13.1573,5.75848,1.24436,-0.81076,57.03888,-10.66426419,-2.194656646,0.498628248,-5.79847,11.62488,-1.7178,50,6.36592,5.8147,-90.06152,-2.67338,-4.72584,14.01896,-22.6996,ad568f4b-2d72-4a27-82fc-f63cab1b7880,6cac01e9-8d55-49ca-8e73-17dc2a1477e1,75.59227,LiveBpPitching,23360159,NA,NA,NA,NA,NA,NA,Right,NA,NA,NA,NA,NA,NA,NA,NA,NA,NA,NA,NA,NA,NA,NA,NA,c725755c-b59e-4041-8a3c-cbc24fc622f5,6d85b82a-1796-4667-aa9c-65f17a02ab82
102,2025-12-29,17:21:22,"Game, Gaynor",1000495029,Left,NA,NA,NA,NA,NA,NA,Warmup,NA,61.20572,-0.5099939889,-2.531673888,1556.709643,218.5026145,01:15:00,6.11158,1.38493,5.83647,-36.5094,11.36305,9.07685,2.68825,0.25128,56.60552,-8.973693162,-0.4107451097,0.4979826887,-8.28997,9.50314,-1.65576,50,6.11219,4.40399,-90.67448,0.78022,-6.78172,15.4103,-24.39988,39372ffa-7cb6-4d35-bdc9-e2f48e1d1fd5,6cac01e9-8d55-49ca-8e73-17dc2a1477e1,75.69026,LiveBpPitching,23360159,10.89550048,NA,NA,NA,Popup,67.33703,Right,51.25503867,NA,NA,NA,NA,7.88995,NA,NA,2.6094,3.00732,-0.25546,NA,NA,NA,NA,NA,22c73fe6-bedb-4b23-b801-bd70dddba4e6,6d85b82a-1796-4667-aa9c-65f17a02ab82
103,2025-12-29,17:21:37,"Game, Gaynor",1000495029,Left,NA,NA,NA,NA,NA,NA,Warmup,NA,61.79877,0.4101266227,-1.904409738,1549.279156,214.028772,01:15:00,6.00645,1.51311,NA,-35.05874,13.62267,9.23232,3.39611,0.83761,56.73706,-7.627339688,0.2234897528,0.5021725659,-7.99962,10.70982,-1.69335,50,5.93293,3.38606,-91.49543,1.96083,-6.63862,16.1465,-23.28633,3c7a7756-537c-4009-a7d3-926e6803e4be,6cac01e9-8d55-49ca-8e73-17dc2a1477e1,NA,LiveBpPitching,23360159,-13.30426835,NA,NA,NA,LineDrive,72.8436,Right,13.83568426,NA,NA,NA,182.08081,24.12139,2.073434366,-11.2714988,2.45825,3.65118,-0.81793,NA,NA,NA,NA,NA,42ff4e77-a96a-461e-b574-de7e7aab0870,6d85b82a-1796-4667-aa9c-65f17a02ab82
104,2025-12-29,17:21:59,"Game, Gaynor",1000495029,Left,NA,NA,NA,NA,NA,NA,Warmup,NA,62.48769,-0.7269253735,-2.326457508,1577.989385,198.3011021,12:30:00,6.17103,1.34811,5.96013,-30.08208,15.64144,5.18883,3.12295,0.04888,57.53107,-7.739590496,-1.109668323,0.4866774625,-5.06861,13.16798,-1.5979,50,6.20239,3.99936,-92.62552,0.19371,-4.31661,16.37866,-20.95973,2e5791bc-9d36-43bb-a8a4-1205a7c2cd69,6cac01e9-8d55-49ca-8e73-17dc2a1477e1,77.4485,LiveBpPitching,23360159,-9.633359685,NA,NA,NA,LineDrive,71.66518,Right,13.27239297,NA,NA,NA,139.90955,37.12873,1.513767768,-9.179796282,2.69807,3.35178,-0.09025,NA,NA,NA,NA,NA,70bdbdad-8508-4a4d-9776-fbf18658ce0b,6d85b82a-1796-4667-aa9c-65f17a02ab82
105,2025-12-29,17:22:16,"Game, Gaynor",1000495029,Left,NA,NA,NA,NA,NA,NA,Warmup,NA,60.89326,-1.431165742,-3.175237312,1495.430047,213.0729943,01:00:00,6.12061,1.32776,6.03591,-35.70168,11.38129,7.4397,2.08084,-0.41259,57.53108,-9.639701551,-1.44834919,0.4938594024,-6.97058,9.78549,-1.67415,50,6.21623,5.3333,-89.96174,-0.6067,-5.75611,12.11731,-24.09347,adf25dd2-dc40-4214-9289-77f0a59adb05,6cac01e9-8d55-49ca-8e73-17dc2a1477e1,76.32221,LiveBpPitching,23360159,NA,NA,NA,NA,NA,NA,Right,NA,NA,NA,NA,NA,NA,NA,NA,NA,NA,NA,NA,NA,NA,NA,NA,1feac799-61c0-4668-987b-3863c890397d,6d85b82a-1796-4667-aa9c-65f17a02ab82
106,2025-12-29,17:22:30,"Game, Gaynor",1000495029,Left,NA,NA,NA,NA,NA,NA,Warmup,NA,62.05252,-3.650405726,-2.468321007,1485.904691,209.4888401,01:00:00,6.12975,1.35052,5.72048,-32.79186,13.98321,7.90877,0.66,0.1619,57.96818,-11.1420137,-0.630444072,0.4922419363,-7.22277,12.55179,-1.60781,50,6.45068,4.29303,-91.67511,-4.43944,-6.08184,14.88901,-21.60498,3985b1e1-96e2-40a1-b1f1-c14483e4397e,6cac01e9-8d55-49ca-8e73-17dc2a1477e1,76.57299,LiveBpPitching,23360159,NA,NA,NA,NA,NA,NA,Right,NA,NA,NA,NA,NA,NA,NA,NA,NA,NA,NA,NA,NA,NA,NA,NA,b45dba6c-85e2-433d-ba56-ac3ea29d5e80,6d85b82a-1796-4667-aa9c-65f17a02ab82
107,2025-12-29,17:22:40,"Game, Gaynor",1000495029,Left,NA,NA,NA,NA,NA,NA,Warmup,NA,62.95662,0.05753842531,-2.116745014,1651.148117,208.3870547,01:00:00,6.1173400000000004,1.38263,5.67968,-33.37433,12.45264,6.75488,3.37926,0.35977,57.68616,-7.697320047,-0.5386110374,0.4872277152,-6.2576,10.14452,-1.60144,50,6.06775,3.73991,-93.33246,1.52783,-5.38217,17.30813,-23.44873,4f1c8c45-478a-4efa-a2e9-16a71fcf683d,6cac01e9-8d55-49ca-8e73-17dc2a1477e1,77.36103,LiveBpPitching,23360159,NA,NA,NA,NA,NA,NA,Right,NA,NA,NA,NA,NA,NA,NA,NA,NA,NA,NA,NA,NA,NA,NA,NA,e57ab8f7-760b-4da8-92db-7f24d1344b2b,6d85b82a-1796-4667-aa9c-65f17a02ab82
108,2025-12-29,17:23:01,"Game, Gaynor",1000495029,Left,NA,NA,NA,NA,NA,NA,Warmup,NA,63.55854,0.807729055,-4.31771209,1734.054952,218.2204173,01:15:00,6.12643,1.32705,6.18474,-31.11495,12.89767,10.22236,4.13298,-1.02223,58.12003,-6.509597467,-1.9099798,0.4774852905,-10.0328,10.48693,-1.81035,50,5.98925,7.59846,-94.09471,2.8346,-8.78504,17.38124,-22.99136,c135ad4c-d427-40bb-80cc-65b0c96f3cc5,6cac01e9-8d55-49ca-8e73-17dc2a1477e1,78.93948,LiveBpPitching,23360159,NA,NA,NA,NA,NA,NA,Right,NA,NA,NA,NA,NA,NA,NA,NA,NA,NA,NA,NA,NA,NA,NA,NA,613a4f27-9faf-4183-ae78-d29cf1c991bf,6d85b82a-1796-4667-aa9c-65f17a02ab82
109,2025-12-29,17:23:28,"Game, Gaynor",1000495029,Left,NA,NA,NA,NA,NA,NA,Warmup,NA,64.66323,-0.1074847329,-2.538090758,1611.846998,211.5165461,01:00:00,5.81224,1.53583,NA,-30.87454,13.327,8.20231,3.15764,0.29029,59.88762,-7.139989331,-0.6614465762,0.4785089888,-7.27366,10.60434,-1.76877,50,5.78993,4.55498,-95.591,1.01641,-6.67426,15.87837,-22.44358,f624a13c-296d-4139-84c2-ec1186587676,6cac01e9-8d55-49ca-8e73-17dc2a1477e1,NA,LiveBpPitching,23360159,-8.142402778,NA,NA,NA,FlyBall,77.11241,Right,31.45027804,NA,NA,NA,258.75213,16.12008,3.875721357,-19.07021101,2.83204,3.41978,-0.33975,NA,NA,NA,NA,NA,865cf193-fddc-49d9-85ba-1c35f8510eab,6d85b82a-1796-4667-aa9c-65f17a02ab82
