PitchNo,Date,Time,Pitcher,PitcherId,PitcherThrows,PitcherTeam,PitcherSet,TaggedPitchType,PitchSession,Flag,RelSpeed,VertRelAngle,HorzRelAngle,SpinRate,SpinAxis,Tilt,RelHeight,RelSide,Extension,VertBreak,InducedVertBreak,HorzBreak,PlateLocHeight,PlateLocSide,ZoneSpeed,VertApprAngle,HorzApprAngle,ZoneTime,pfxx,pfxz,x0,y0,z0,vx0,vy0,vz0,ax0,ay0,az0,PlayID,CalibrationId,EffVelocity,PracticeType,Device,Direction,BatterId,Batter,HitSpinRate,HitType,ExitSpeed,BatterSide,Angle,PositionAt110X,PositionAt110Y,PositionAt110Z,Distance,LastTrackedDistance,HangTime,Bearing,ContactPositionX,ContactPositionY,ContactPositionZ,SpinAxis3dTransverseAngle,SpinAxis3dLongitudinalAngle,SpinAxis3dActiveSpinRate,SpinAxis3dSpinEfficiency,SpinAxis3dTilt
1,09/08/2025,28:59.8,"Castillo, Ryan",1000464458,Right,,Windup,Fastball,Live,,91.49413,-2.723624319,-0.449190033,1872.166507,196.2534614,12:30,6.32987,1.025,6.39394,-22.91467,9.61565,2.80785,1.91375,0.84591,84.27011,-7.035757552,0.083287099,0.410502225,-1.66141,6.00811,-0.99413,50,6.12389,0.95885,-133.18452,-7.03233,-2.99426,27.69858,-21.34599,c7de208e-bae6-4df6-b0b9-b58ab990e223,60edf43c-a8a6-4d26-a300-131357622b5f,91.8203,Pitching,23360085,,,,,,,,,,,,,,,,,,,,1.059304015,1871.846545,0.999829096,
2,09/08/2025,29:13.3,"Castillo, Ryan",1000464458,Right,,Windup,Fastball,Live,,91.97342,-2.616880798,-1.617011007,2109.891448,180.1952184,12:00,6.2797,0.96181,6.48405,-20.16398,11.88914,0.04057,2.19442,-0.51964,84.74322,-6.417651966,-1.609315632,0.407480272,-0.44922,7.23516,-0.84849,50,6.08709,3.77804,-133.87533,-6.7263,-0.81925,27.57807,-18.97909,26e2cfe0-5333-4d1f-8a4d-5fee17a7c4cb,60edf43c-a8a6-4d26-a300-131357622b5f,92.50126,Pitching,23360085,,,,,,,,,,,,,,,,,,,200.7988638,28.18365052,1859.739046,0.88143826,12:45
3,09/08/2025,29:27.6,"Castillo, Ryan",1000464458,Right,,Windup,Slider,Live,,80.98132,-1.754156742,-2.162256777,2535.367777,82.12006812,8:45,6.32908,1.13121,5.68291,-43.34126,-0.70498,-4.79781,1.08077,-1.28476,75.25089,-9.754541289,-3.057917219,0.469960187,1.99514,0.08581,-0.94638,50,6.15434,4.59386,-117.76398,-4.94169,2.81591,21.3102,-32.05294,57a43700-852d-4df2-b0ad-18a4a18734d7,60edf43c-a8a6-4d26-a300-131357622b5f,80.20347,Pitching,23360085,,,,,,,,,,,,,,,,,,,,-0.366732557,2535.315842,0.999979516,
4,09/08/2025,29:47.0,"Castillo, Ryan",1000464458,Right,,Windup,Slider,Live,,80.39978,-0.560694563,-1.496944387,2533.152941,53.41784405,7:45,6.36798,1.06514,5.73346,-47.03865,-3.63458,-4.84813,1.92584,-0.73301,74.0935,-9.311186575,-2.407126884,0.474172759,2.1737,-1.79017,-0.93765,50,6.29262,3.20219,-116.95523,-2.56007,3.00243,22.62839,-34.64672,eeb41df4-1987-4818-971d-f7a24dc547b3,60edf43c-a8a6-4d26-a300-131357622b5f,79.49094,Pitching,23360085,,,,,,,,,,,,,,,,,,,,,,,
5,09/08/2025,30:00.4,"Castillo, Ryan",1000464458,Right,,Windup,Slider,Live,,80.97528,-1.027710229,-1.234167424,2603.564925,39.71768259,7:15,6.39913,0.99288,5.67242,-47.89186,-5.10411,-4.20948,1.44981,-0.50855,74.91755,-9.902047749,-2.022818771,0.470794227,1.90932,-2.44545,-0.88627,50,6.28254,2.66708,-117.80304,-3.58342,2.68288,22.39259,-35.61027,a9ef70c9-940d-4674-9e43-8cd50ba40209,60edf43c-a8a6-4d26-a300-131357622b5f,80.06139,Pitching,23360085,,,,,,,,,,,,,,,,,,,63.43270589,67.50251892,996.235412,0.382642815,8:00
6,09/08/2025,30:17.3,"Castillo, Ryan",1000464458,Right,,Windup,Fastball,Live,,91.5922,-3.129406307,0.157432319,2164.090151,180.9531124,12:00,6.33922,1.01953,6.30853,-17.78651,14.88726,0.24776,1.97173,1.18518,84.00334,-6.477222657,0.204408481,0.411406419,-0.09213,9.01574,-1.03116,50,6.10153,-0.37376,-133.24154,-7.83367,-0.16571,28.4796,-15.95741,67d57b0b-a7eb-4f7e-8b89-ba207f4c1a22,60edf43c-a8a6-4d26-a300-131357622b5f,91.6185,Pitching,23360085,,,,,,,,,,,,,,,,,,,,0.05538029,2164.08914,0.999999533,
7,09/08/2025,30:53.1,"Castillo, Ryan",1000464458,Right,,Windup,Fastball,Live,,92.2687,-2.920154958,-0.82049789,2101.310474,190.0449252,12:15,6.32356,1.07057,6.6008,-21.37993,10.54441,1.87002,1.86454,0.4748,84.47077,-6.970827335,-0.463447536,0.406660843,-1.27101,6.6779,-1.01553,50,6.11569,1.86842,-134.27186,-7.47348,-2.31314,29.91971,-20.02079,0593f008-fc0b-412c-abf2-8ecf34a03adb,60edf43c-a8a6-4d26-a300-131357622b5f,92.68765,Pitching,23360085,,,,,,,,,,,,,,,,,,,,21.58766926,1953.915499,0.929855689,
8,09/08/2025,31:06.2,"Castillo, Ryan",1000464458,Right,,Windup,Curveball,Live,,74.27591,1.058189511,0.784084911,2629.608411,31.83388045,7:00,6.46452,0.66901,5.75994,-63.40161,-12.12839,-7.50155,2.16606,0.77363,68.04006,-10.79641397,-0.633894851,0.515367122,4.28824,-6.86689,-0.72937,50,6.51407,-1.27217,-107.98576,0.25635,4.99641,21.12967,-40.17496,8a501be3-056f-48ca-bbb8-ad11e5e1efbe,60edf43c-a8a6-4d26-a300-131357622b5f,73.13707,Pitching,23360085,,,,,,,,,,,,,,,,,,,21.62418235,41.93347603,1956.221515,0.743921227,6:45
9,09/08/2025,31:19.7,"Castillo, Ryan",1000464458,Right,,Windup,Splitter,Live,,86.86862,-1.628694987,-0.685415703,1359.619547,237.4554865,2:00,6.28343,1.18167,5.44747,-33.61313,3.64912,5.76188,1.9572,1.02018,80.39567,-7.834388226,0.386678468,0.439345302,-3.22911,2.35204,-1.12519,50,6.11679,1.31399,-126.3917,-4.74959,-5.26199,23.98184,-28.34127,ee5da3c7-b97f-474c-a300-4122835c4234,60edf43c-a8a6-4d26-a300-131357622b5f,85.79229,Pitching,23360085,,,,,,,,,,,,,,,,,,,,25.30358185,1229.171981,0.904055832,
10,09/08/2025,31:38.7,"Castillo, Ryan",1000464458,Right,,Windup,Curveball,Live,,75.33732,0.776530101,-1.047178453,2593.557277,30.18741418,7:00,6.50129,0.904,5.70786,-61.88107,-12.13672,-7.03758,2.06808,-0.65808,69.33634,-10.74755119,-2.372165984,0.507625296,3.46093,-6.75321,-0.81211,50,6.52828,2.20072,-109.55295,-0.2579,4.16861,20.96488,-40.30814,bc61f91c-bba4-4ea4-adb8-acf3c332ddb4,60edf43c-a8a6-4d26-a300-131357622b5f,74.25248,Pitching,23360085,,,,,,,,,,,,,,,,,,,27.92340883,43.73884027,1873.841598,0.722498637,7:00
11,09/08/2025,31:51.7,"Castillo, Ryan",1000464458,Right,,Windup,Fastball,Live,,92.69833,-2.75284279,-1.57857792,2065.924511,193.8947075,12:30,6.23911,1.14791,6.64404,-19.69393,11.95028,2.95949,2.0756,-0.05057,84.61462,-6.49469891,-1.012688574,0.404872727,-2.1053,7.43965,-1.0429,50,6.04557,3.63113,-134.87195,-7.05796,-3.85738,30.78339,-18.54295,6392b28d-e8d7-488d-b478-dd13e0d08c74,60edf43c-a8a6-4d26-a300-131357622b5f,93.09701,Pitching,23360085,,,,,,,,,,,,,,,,,,,,23.26096681,1897.997152,0.918715637,
12,09/08/2025,32:10.2,"Castillo, Ryan",1000464458,Right,,Windup,Fastball,Live,,93.09994,-1.762047423,-1.833762234,2213.366408,181.162462,12:00,6.27042,0.85919,6.44173,-17.13633,14.73031,0.29945,3.22218,-0.80119,84.03184,-5.030275161,-1.776465564,0.406293148,-0.75566,8.70058,-0.72944,50,6.13785,4.32613,-135.40541,-4.68411,-1.38183,33.71725,-16.26386,3513def9-d192-455e-9404-fddaa27d1e4d,60edf43c-a8a6-4d26-a300-131357622b5f,92.77154,Pitching,23360085,,,,,,,,,,,,,,,,,,,202.3529063,29.40590201,1928.203449,0.871163239,12:45
13,09/08/2025,33:55.3,"Jackson, Sam",1000469373,Left,,Stretch,Fastball,Live,,84.92497,-1.893696944,1.009853801,1877.44527,138.7792239,10:45,5.93808,-1.84903,6.54115,-28.12969,9.50939,-8.35091,1.8565,-1.6188,78.01418,-7.215321427,-0.581075371,0.441561205,4.89453,5.78193,1.7829,50,5.79498,-1.95238,-123.67733,-4.85678,7.57593,24.82186,-23.22456,dfe35483-4860-4214-85a5-396782e9b5a4,60edf43c-a8a6-4d26-a300-131357622b5f,85.36175,Pitching,23360085,,,,,,,,,,,,,,,,,,,149.4304563,-24.01483545,1714.933817,0.913440112,11:00
14,09/08/2025,34:12.4,"Jackson, Sam",1000469373,Left,,Stretch,Splitter,Live,,76.43298,-0.918025348,1.713958415,,,,6.08299,-1.61251,6.03552,-48.30266,-0.21715,-1.59396,1.20738,-0.15802,69.62712,-10.00516729,1.410831797,0.499089543,1.42871,0.18234,1.47981,50,5.98558,-3.28225,-111.11521,-3.07411,1.75606,23.04374,-31.94993,05adf019-3cf5-4e20-8adb-1333c14fc687,60edf43c-a8a6-4d26-a300-131357622b5f,75.5224,Pitching,23360085,,,,,,,,,,,,,,,,,,,,,,,
15,09/08/2025,34:26.9,"Jackson, Sam",1000469373,Left,,Stretch,Fastball,Live,,86.19787,-1.984404564,1.831923752,2078.521,134.8029888,10:30,5.94408,-1.74222,6.45032,-26.35619,10.62828,-10.71978,1.9232,-0.95217,78.45131,-6.986123677,-0.215235459,0.43770459,6.47221,6.46866,1.61757,50,5.79187,-3.71063,-125.39535,-5.08457,10.20794,27.59001,-21.97171,2bba7522-9ac8-4d72-bbee-ea95889af2f1,60edf43c-a8a6-4d26-a300-131357622b5f,86.11388,Pitching,23360085,,,,,,,,,,,,,,,,,,,165.1245688,-18.41499356,1972.086961,0.948793378,11:30
16,09/08/2025,34:46.3,"Jackson, Sam",1000469373,Left,,Stretch,Splitter,Live,,76.94444,0.173606208,1.931944142,1027.036322,75.81522378,8:30,5.9594,-1.79818,6.1525,-49.53665,-1.95883,-7.59412,1.99181,-0.64562,69.38706,-9.23143684,0.478404567,0.496447855,4.83872,-1.13396,1.65542,50,5.94749,-3.57329,-111.82497,-0.95736,5.97397,24.85865,-33.57406,c742efb3-caa1-4c4f-9b74-daa0579629d4,60edf43c-a8a6-4d26-a300-131357622b5f,75.92427,Pitching,23360085,,,,,,,,,,,,,,,,,,,,-62.31679025,477.1431695,0.464582565,
17,09/08/2025,35:03.3,"Jackson, Sam",1000469373,Left,,Stretch,Fastball,Live,,87.30637,-2.027994455,4.587766092,1987.948931,157.9521955,11:15,5.843,-1.72775,6.7969,-22.20623,13.23206,-5.37862,2.13512,2.01956,80.06338,-6.246499643,3.564036928,0.428457549,4.26836,7.93664,1.43277,50,5.70296,-10.03334,-126.80788,-5.0915,6.95375,25.80358,-19.24416,f5cacd35-8adb-4a26-8e0b-315bb9719833,60edf43c-a8a6-4d26-a300-131357622b5f,87.9724,Pitching,23360085,,,,,,,,,,,,,,,,,,,,-18.57111314,1884.43464,0.9479291,
18,09/08/2025,35:23.9,"Jackson, Sam",1000469373,Left,,Stretch,Fastball,Live,,87.37896,-1.077588098,0.957472084,2047.643443,141.9235142,10:45,5.8377,-1.79852,6.38267,-24.79326,10.71644,-8.41647,2.7802,-1.61915,80.61525,-5.750898805,-0.635452432,0.428889,4.86018,6.15184,1.73369,50,5.7486,-1.88222,-127.32744,-3.11927,8.03431,24.43954,-22.00451,78afd816-05a7-4c16-8570-619b747ab58c,60edf43c-a8a6-4d26-a300-131357622b5f,87.8839,Pitching,23360085,,,,,,,,,,,,,,,,,,,,-22.25324922,1895.132972,0.92551903,
19,09/08/2025,35:57.6,"Jackson, Sam",1000469373,Left,,Stretch,Fastball,Live,,86.35837,-0.005584377,4.625830667,2002.500663,144.3716604,10:45,5.91808,-1.65933,6.89036,-26.25857,9.71278,-7.00522,3.72477,1.97983,79.22934,-5.010871564,3.291352107,0.431667924,5.1659,5.42997,1.36995,50,5.90808,-9.97785,-125.53713,-0.68545,8.26727,24.73749,-23.48417,4b112c4e-52b5-4188-8cab-bbedbdb2d1d6,60edf43c-a8a6-4d26-a300-131357622b5f,87.31814,Pitching,23360085,,,,,,,,,,,,,,,,,,,151.5450455,-18.86844206,1894.893538,0.946263626,11:00
20,09/08/2025,36:12.9,"Jackson, Sam",1000469373,Left,,Stretch,Fastball,Live,,86.16514,-2.491583633,2.719193188,2018.936278,146.9785466,11:00,5.93726,-1.59355,6.36799,-23.61381,13.23701,-8.61324,1.67307,0.19231,79.13182,-6.941123351,1.086798823,0.436913046,5.47085,7.9454,1.40143,50,5.74618,-5.70357,-125.292,-6.13556,8.70775,25.0055,-19.52765,f64e8633-1eec-4293-a4de-6caf2d24223e,60edf43c-a8a6-4d26-a300-131357622b5f,86.26989,Pitching,23360085,,,,,,,,,,,,,,,,,,,163.0768191,-13.24285051,1965.248424,0.973407851,11:30
21,09/08/2025,36:41.4,"Jackson, Sam",1000469373,Left,,Stretch,Slider,Live,,74.48134,0.5262107,1.514188169,2339.939938,351.0010672,5:45,5.96976,-1.82623,5.83576,-59.81122,-9.59583,1.51354,1.4747,-0.2926,69.12192,-10.58930826,1.798462715,0.510023057,-0.39691,-5.30933,1.70208,50,5.9774,-2.90672,-108.39019,-0.64667,-0.47255,18.80958,-38.49511,e1036bd6-df51-4eaf-b9cc-33bede68b875,60edf43c-a8a6-4d26-a300-131357622b5f,73.9034,Pitching,23360085,,,,,,,,,,,,,,,,,,,,,,,
22,09/08/2025,36:58.6,"Jackson, Sam",1000469373,Left,,Stretch,Slider,Live,,75.65286,0.566960352,2.210849311,2403.756095,358.8158641,6:00,5.92982,-1.94813,5.90661,-54.13096,-5.89739,0.12115,1.9455,0.11485,70.48949,-9.48673651,2.233530252,0.499857363,0.49443,-3.31932,1.77078,50,5.94411,-4.25474,-110.12302,-0.41005,0.61246,17.9577,-36.28572,7fb316e1-c73a-4739-a139-16566434ef91,60edf43c-a8a6-4d26-a300-131357622b5f,75.40639,Pitching,23360085,,,,,,,,,,,,,,,,,,,,-69.20081054,853.5587363,0.355093738,
23,09/08/2025,37:14.2,"Jackson, Sam",1000469373,Left,,Stretch,Fastball,Live,,86.64428,-2.760975493,2.307633954,1933.805407,127.8184017,10:15,5.76404,-1.83732,6.59589,-29.64729,6.57291,-8.48285,0.76021,-0.42915,79.61184,-8.363005588,0.68990449,0.433158486,5.35155,4.42398,1.68363,50,5.56312,-4.84574,-126.0213,-6.89536,8.58777,26.11921,-25.07477,64fdf8c2-75df-4033-91e6-ac2e5eb0a997,60edf43c-a8a6-4d26-a300-131357622b5f,87.01766,Pitching,23360085,,,,,,,,,,,,,,,,,,,130.3456796,-15.69928771,1861.665009,0.96269511,10:15
24,09/08/2025,37:35.1,"Jackson, Sam",1000469373,Left,,Stretch,Fastball,Live,,87.424,-2.709820772,1.712516561,1949.13013,131.1220409,10:15,5.72282,-1.97776,6.24343,-28.97063,7.11477,-8.16524,0.80661,-1.07844,80.17681,-8.154536438,0.163714872,0.432351722,4.95628,4.66959,1.85459,50,5.50696,-3.55794,-127.12475,-6.88117,8.08361,26.87175,-24.55803,b3bc9afa-deb6-40c4-a5e6-feaccc9d3541,60edf43c-a8a6-4d26-a300-131357622b5f,87.18004,Pitching,23360085,,,,,,,,,,,,,,,,,,,,-19.14075023,1841.374317,0.944715947,
25,09/08/2025,39:37.7,"Castillo, Ryan",1000464458,Right,,Stretch,Fastball,Live,,92.51551,,,2260.268993,,,6.2836,1.14345,,,,,2.8531,-1.14646,84.24304,,,0.406792086,4.39195,6.18938,-1.02314,50,6.15266,4.23721,-134.64148,-4.79003,7.99071,31.65445,-20.9131,2e440baa-3927-4156-9029-0c4b48fe6e18,337d9dfc-22e6-4029-b705-a0ef4997fc7a,,Pitching,23360085,,,,,,,,,,,,,,,,,,,,29.81086843,1961.170235,0.867671167,
26,09/08/2025,39:51.2,"Castillo, Ryan",1000464458,Right,,Stretch,Fastball,Live,,93.03696,-3.366755054,-1.540723812,2303.905304,184.7615034,12:15,6.29668,1.04342,6.38811,-17.326,14.39914,1.19979,1.75181,-0.27392,84.99911,-6.637004276,-1.312572149,0.405390097,-1.10424,8.8869,-0.93342,50,6.04671,3.60085,-135.24482,-8.49138,-2.03764,30.51883,-15.77513,f7228623-d14f-4aea-8186-a7f61a342f65,337d9dfc-22e6-4029-b705-a0ef4997fc7a,92.97819,Pitching,23360085,,,,,,,,,,,,,,,,,,,,-0.176460766,2303.894377,0.999995257,
27,09/08/2025,40:06.0,"Castillo, Ryan",1000464458,Right,,Stretch,Slider,Live,,81.67305,-0.547226466,-1.163034676,2493.590849,81.60437998,8:45,6.3768,1.04983,5.32138,-43.46852,-0.98104,-6.39963,2.24084,-0.5749,75.5169,-8.561195978,-2.352241848,0.469139379,3.06746,-0.37139,-0.94015,50,6.29633,2.62221,-118.80151,-2.56369,4.39937,22.00899,-32.70669,232ad22f-04b8-45fe-b8f0-4f55d89c0440,337d9dfc-22e6-4029-b705-a0ef4997fc7a,80.3438,Pitching,23360085,,,,,,,,,,,,,,,,,,,,,,,
28,09/08/2025,40:24.2,"Castillo, Ryan",1000464458,Right,,Stretch,Slider,Live,,81.51152,-1.563929394,-1.325177982,2553.862537,50.29038393,7:45,6.42508,0.95941,5.45763,-47.02836,-4.3422,-5.18107,1.04158,-0.71283,75.30525,-10.23989841,-2.293003231,0.470235035,2.37586,-1.86206,-0.8393,50,6.2556,2.90655,-118.49397,-4.73785,3.3703,23.1209,-34.81549,8e1a476d-e3b2-4bb9-80ee-2347fe496130,337d9dfc-22e6-4029-b705-a0ef4997fc7a,80.15659,Pitching,23360085,,,,,,,,,,,,,,,,,,,,,,,
29,09/08/2025,40:40.6,"Castillo, Ryan",1000464458,Right,,Stretch,Slider,Live,,80.84022,-0.531150757,-1.629397883,2595.497066,49.90268601,7:45,6.4478,0.91762,5.45645,-47.54342,-4.35584,-5.13069,1.98851,-1.03537,74.86046,-9.30706515,-2.585078203,0.472988765,2.28252,-2.16795,-0.7707,50,6.36872,3.50808,-117.58474,-2.60338,3.20446,21.71912,-35.21765,ca07e8d2-aad0-4d06-bf46-ef7e8acd187c,337d9dfc-22e6-4029-b705-a0ef4997fc7a,79.68992,Pitching,23360085,,,,,,,,,,,,,,,,,,,69.67779964,63.56878144,1155.315847,0.445123157,8:15
30,09/08/2025,40:56.2,"Castillo, Ryan",1000464458,Right,,Stretch,Fastball,Live,,93.06443,-1.785214687,0.411560827,2182.471384,189.9159921,12:15,6.39512,1.13622,6.33514,-18.60577,13.03032,2.28156,3.20059,1.70524,85.0344,-5.304663887,0.844942889,0.404820742,-1.13387,7.65416,-1.16721,50,6.25648,-1.04436,-135.49744,-4.80274,-2.10289,30.27323,-17.97857,7ac6a06d-4828-4d54-9320-7e6c7236a635,337d9dfc-22e6-4029-b705-a0ef4997fc7a,93.10896,Pitching,23360085,,,,,,,,,,,,,,,,,,,,4.007397792,2177.135319,0.997555035,
31,09/08/2025,41:20.7,"Castillo, Ryan",1000464458,Right,,Stretch,Curveball,Live,,74.97933,2.27457091,-0.514216587,2616.972586,22.68789206,6:45,6.55376,0.85352,5.39432,-66.05884,-14.81518,-6.17208,3.1814,-0.14267,68.25338,-10.04212701,-1.674792822,0.515218534,3.11626,-8.62372,-0.80349,50,6.71134,1.1578,-108.85031,2.38786,3.67752,22.02828,-42.35096,e294cff9-9dff-4ed8-8cbc-5d1147d85e53,337d9dfc-22e6-4029-b705-a0ef4997fc7a,73.15816,Pitching,23360085,,,,,,,,,,,,,,,,,,,17.32488387,44.04189106,1881.162899,0.718831718,6:30
32,09/08/2025,41:36.9,"Castillo, Ryan",1000464458,Right,,Stretch,Curveball,Live,,75.00579,-0.078864389,-0.27524562,2630.318116,39.53123242,7:15,6.4722,0.89653,5.637,-62.41674,-12.05981,-9.91778,1.19724,-0.1867,69.16414,-11.66181883,-2.142070122,0.510741318,5.22932,-6.4374,-0.86693,50,6.42623,0.80523,-109.07454,-1.92008,6.23575,21.00818,-39.85039,d37707c3-4741-41c4-8de2-a72383144a2d,337d9dfc-22e6-4029-b705-a0ef4997fc7a,73.79947,Pitching,23360085,,,,,,,,,,,,,,,,,,,30.25726828,39.65640663,2025.04335,0.769885337,7:00
33,09/08/2025,41:51.5,"Castillo, Ryan",1000464458,Right,,Stretch,Fastball,Live,,94.04763,-2.558092897,-2.310976463,2237.711996,185.7471745,12:15,6.23987,1.07183,6.4411,-18.49358,12.38337,1.24846,2.34499,-0.94851,86.14625,-6.052091758,-2.073912688,0.399934263,-1.33304,7.52958,-0.90865,50,6.05002,5.48185,-136.79035,-6.68608,-2.52446,30.3191,-17.9148,7ea67a59-28a9-4449-91de-ee2b07041672,337d9dfc-22e6-4029-b705-a0ef4997fc7a,94.24659,Pitching,23360085,,,,,,,,,,,,,,,,,,,198.4193218,33.12461876,1874.047974,0.837483991,12:30
34,09/08/2025,42:12.6,"Castillo, Ryan",1000464458,Right,,Stretch,Fastball,Live,,93.3361,-2.422839181,-0.626723009,2176.455433,193.2678208,12:30,6.39247,1.20834,6.4138,-18.74819,12.60965,2.97667,2.6015,0.88026,85.41417,-5.967964163,-0.060693952,0.403036555,-1.81359,7.61754,-1.16502,50,6.21098,1.39459,-135.85747,-6.32517,-3.38439,30.18902,-17.95876,41e2798a-0b1f-4dae-92a0-a648da9f1a6d,337d9dfc-22e6-4029-b705-a0ef4997fc7a,93.52114,Pitching,23360085,,,,,,,,,,,,,,,,,,,,18.90782767,2059.016285,0.946041097,
35,09/08/2025,42:27.2,"Castillo, Ryan",1000464458,Right,,Stretch,Fastball,Live,,93.60758,-2.218424498,-0.322312949,2208.537937,168.0868863,11:30,6.41015,1.00354,6.37061,-18.18613,12.93805,-2.73316,2.85266,0.47925,85.90323,-5.650520098,-0.840743543,0.401532211,1.41132,7.70191,-0.97903,50,6.24166,0.85203,-136.29713,-5.84752,2.65975,29.43805,-17.65918,b52a559a-2623-4756-be90-cf54f73a8f66,337d9dfc-22e6-4029-b705-a0ef4997fc7a,93.87152,Pitching,23360085,,,,,,,,,,,,,,,,,,,185.0209167,32.30195769,1866.752501,0.845243575,12:15
36,09/08/2025,42:47.6,"Castillo, Ryan",1000464458,Right,,Stretch,Fastball,Live,,93.337,-2.86586267,-0.658201856,2393.174257,188.5357548,12:15,6.3289,1.06407,6.47658,-17.86392,13.47865,2.02435,2.20661,0.62842,85.32266,-6.246843458,-0.272561156,0.402938453,-1.30455,8.25215,-1.01877,50,6.11955,1.4989,-135.81142,-7.34052,-2.42927,30.57182,-16.80729,76e9e4eb-cbe8-4714-a859-c925685a1fad,337d9dfc-22e6-4029-b705-a0ef4997fc7a,93.54391,Pitching,23360085,,,,,,,,,,,,,,,,,,,,22.16605045,2216.30505,0.926094305,
37,09/08/2025,43:37.9,"Castillo, Ryan",1000464458,Right,,Stretch,Splitter,Live,,87.85703,-1.356002522,-0.911189003,1499.484988,272.0974366,3:00,6.3276,1.3266,5.52397,-36.3952,-0.25416,6.17948,2.02673,0.98974,81.78068,-8.066335717,0.23712955,0.432684884,-3.49903,0.1928,-1.25161,50,6.1855,1.82105,-127.9044,-4.28379,-5.87051,23.22084,-31.85058,f99af863-cf1b-40fb-95d6-ffebfa3ff03b,337d9dfc-22e6-4029-b705-a0ef4997fc7a,87.11291,Pitching,23360085,,,,,,,,,,,,,,,,,,,,23.5158716,1374.952132,0.916949581,
38,09/08/2025,43:52.8,"Castillo, Ryan",1000464458,Right,,Stretch,Splitter,Live,,87.59875,-3.727096123,-1.070335989,1563.666004,247.8521601,2:15,6.39667,1.19699,5.67935,-33.7093,2.66105,6.57977,0.1082,0.74758,81.59398,-9.923766336,0.157534319,0.434055399,-3.78116,2.35453,-1.11109,50,6.06145,2.15853,-127.28822,-9.41833,-6.26413,23.73856,-28.27337,3b525cf4-d4ff-420c-a951-e20c6d460ba3,337d9dfc-22e6-4029-b705-a0ef4997fc7a,86.83785,Pitching,23360085,,,,,,,,,,,,,,,,,,,,29.43068157,1361.876172,0.87095081,
39,09/08/2025,44:20.9,"Castillo, Ryan",1000464458,Right,,Stretch,Splitter,Live,,86.09212,0.206202674,-0.09365762,1384.941688,243.7043432,2:00,6.38105,1.3885,5.45311,-35.34023,2.70329,5.53499,3.62904,1.76209,79.14099,-6.357454598,0.938499005,0.443927232,-2.96187,1.3787,-1.38402,50,6.37516,0.017,-125.28016,-0.74811,-4.72125,24.60598,-29.97638,b28a71e9-99b2-4904-879f-576a999f1f7b,337d9dfc-22e6-4029-b705-a0ef4997fc7a,84.9068,Pitching,23360085,,,,,,,,,,,,,,,,,,,,35.63474618,1125.608021,0.812747592,
40,09/08/2025,44:38.3,"Castillo, Ryan",1000464458,Right,,Stretch,Splitter,Live,,87.6995,-1.706997282,1.023874501,1485.415,263.5943804,2:45,6.28369,1.25671,5.34123,-35.9793,0.81512,7.56758,1.68361,2.84779,81.13928,-8.330574647,2.429549683,0.436578536,-3.72728,0.88023,-1.35425,50,6.10445,-2.54595,-127.54198,-5.06877,-6.17087,24.97955,-30.71674,169bb087-a4a4-419c-b3be-1dc8550eccb5,337d9dfc-22e6-4029-b705-a0ef4997fc7a,86.33599,Pitching,23360085,,,,,,,,,,,,,,,,,,,,23.25675191,1364.717138,0.918744686,
41,09/08/2025,45:01.8,"Castillo, Ryan",1000464458,Right,,Stretch,Fastball,Live,,95.14352,-2.341885264,-1.102418819,2242.867317,192.7269683,12:30,6.29377,1.15197,6.54183,-17.70132,12.15809,2.7493,2.66956,0.37003,87.56001,-5.688092159,-0.580125133,0.393289163,-1.8074,7.32446,-1.07702,50,6.12419,2.582,-138.56014,-6.21069,-3.53093,29.54311,-17.86506,0c0496bf-c5eb-4db4-904e-5cca143d3ba8,337d9dfc-22e6-4029-b705-a0ef4997fc7a,95.839,Pitching,23360085,,,,,,,,,,,,,,,,,,,,20.01559693,2107.396969,0.939599482,
42,09/08/2025,45:16.9,"Castillo, Ryan",1000464458,Right,,Stretch,Splitter,Live,,87.47133,-3.280628448,-0.936349005,1463.023106,262.8899963,2:45,6.40729,1.186,5.62556,-35.83402,0.70261,5.82463,0.35656,0.7977,81.44675,-9.869327477,0.149933049,0.435046486,-3.3407,1.20222,-1.1101,50,6.10491,1.88229,-127.15285,-8.49447,-5.51899,23.85236,-30.18792,a9e6ddf3-db6a-40d3-98d3-b58089005b03,337d9dfc-22e6-4029-b705-a0ef4997fc7a,86.64003,Pitching,23360085,,,,,,,,,,,,,,,,,,,,28.92162322,1280.557901,0.875282076,
43,09/08/2025,45:36.5,"Castillo, Ryan",1000464458,Right,,Stretch,Fastball,Live,,95.31714,-2.505911381,-2.160776536,2381.073449,178.1100396,12:00,6.28323,1.0143,6.47373,-13.21593,16.83355,-0.55619,2.8779,-1.01699,87.07125,-5.008936944,-2.266520443,0.394538997,-0.30619,9.98752,-0.86219,50,6.10104,5.24866,-138.65235,-6.48177,-0.59492,31.55117,-12.76853,fddd3ff3-56cf-4019-86d0-376418e2f61e,337d9dfc-22e6-4029-b705-a0ef4997fc7a,95.5354,Pitching,23360085,,,,,,,,,,,,,,,,,,,192.4680947,20.08054076,2236.330171,0.939210914,12:30
44,09/08/2025,47:52.4,"Jackson, Sam",1000469373,Left,,Stretch,Splitter,Live,,75.64216,-0.600692723,1.442475086,696.1077024,130.4864815,10:15,6.00874,-1.43361,6.07668,-46.23086,2.79111,-3.31727,1.60027,-0.37531,68.73493,-9.32417507,0.81075536,0.503926022,2.28329,1.7195,1.324,50,5.93805,-2.68257,-109.99217,-2.3684,2.74841,22.68441,-30.10428,8cd6170d-c95d-4df7-94ad-d6edae8770e0,337d9dfc-22e6-4029-b705-a0ef4997fc7a,74.79756,Pitching,23360085,,,,,,,,,,,,,,,,,,,,-26.49588604,622.9930025,0.894966397,
45,09/08/2025,48:08.9,"Jackson, Sam",1000469373,Left,,Stretch,Fastball,Live,,84.87668,-3.21389763,1.668885138,2051.88218,136.7984013,10:30,5.80897,-1.863,6.42637,-28.53921,9.76446,-9.1753,0.47273,-1.09344,77.35947,-8.607062514,-0.084018751,0.445442464,5.57586,6.38095,1.74852,50,5.56724,-3.34027,-123.34683,-7.71771,8.49548,27.06214,-22.45193,1bc9b8f6-ff78-4d56-b9b1-bfd72352a1b0,337d9dfc-22e6-4029-b705-a0ef4997fc7a,84.61797,Pitching,23360085,,,,,,,,,,,,,,,,,,,,-12.38654623,2004.119849,0.976722674,
46,09/08/2025,48:32.5,"Jackson, Sam",1000469373,Left,,Stretch,Fastball,Live,,85.13589,-0.908050319,1.170797285,1975.748609,158.5951382,11:15,5.67147,-1.94093,6.59048,-24.10741,13.36538,-5.25117,2.83037,-1.30575,77.71501,-5.496690169,0.16781111,0.440584726,3.2477,7.66442,1.86328,50,5.5993,-2.39286,-124.01362,-2.61618,5.0359,25.79934,-20.28956,0bf8c48f-e57e-4417-b3e4-4c3c47cc6347,337d9dfc-22e6-4029-b705-a0ef4997fc7a,85.55094,Pitching,23360085,,,,,,,,,,,,,,,,,,,,-10.12447899,1944.982581,0.984428167,
47,09/08/2025,49:21.1,"Jackson, Sam",1000469373,Left,,Stretch,Fastball,Live,,84.70373,-1.95584284,3.074768321,1853.133469,163.3487446,11:30,5.83262,-1.63721,6.66084,-25.53233,12.38086,-3.71356,1.91221,0.8692,77.38044,-6.807628068,2.36569394,0.443166111,2.96505,7.44963,1.43257,50,5.69093,-6.51908,-123.18295,-4.88554,4.53151,25.69213,-20.78872,505676d8-fb42-4354-8e6e-b9907dbbc51e,337d9dfc-22e6-4029-b705-a0ef4997fc7a,85.05262,Pitching,23360085,,,,,,,,,,,,,,,,,,,,-12.76920464,1807.302312,0.975268291,
48,09/08/2025,49:42.5,"Jackson, Sam",1000469373,Left,,Stretch,Splitter,Live,,76.34596,1.309323833,1.951662671,700.313859,35.25213407,7:15,5.88743,-1.60388,6.26893,-49.37307,-1.80838,-1.24981,2.98081,0.09164,69.51978,-8.045122723,1.713645954,0.496379363,1.29548,-1.40105,1.46035,50,5.96012,-3.75178,-111.04135,1.27206,1.59823,22.09234,-33.90252,c9bd9857-f9b4-4451-a233-6137383f9424,337d9dfc-22e6-4029-b705-a0ef4997fc7a,75.93474,Pitching,23360085,,,,,,,,,,,,,,,,,,,,-15.47034375,674.94054,0.963768647,
49,09/08/2025,49:57.9,"Jackson, Sam",1000469373,Left,,Stretch,Splitter,Live,,76.8967,0.283079414,-0.040879857,680.484738,159.3078232,11:15,5.89929,-1.69746,6.18227,-40.75351,6.22962,-2.36777,2.76453,-1.93252,69.91559,-7.433021407,-0.49162726,0.493335491,1.28148,3.31654,1.70174,50,5.90002,0.14215,-111.91556,-0.51929,1.60539,22.50591,-28.0192,8e329b4d-f186-42ca-b291-6177669303b4,337d9dfc-22e6-4029-b705-a0ef4997fc7a,76.40326,Pitching,23360085,,,,,,,,,,,,,,,,,,,,-30.67333018,585.2779985,0.860089824,
50,09/08/2025,50:57.1,"Jackson, Sam",1000469373,Left,,Stretch,Fastball,Live,,84.35943,,,1750.021315,,,5.73108,-1.59083,6.60509,,,,1.26155,0.13887,77.47254,,,0.444791053,-0.82592,1.97375,1.47615,50,5.60401,-3.64918,-122.82142,-4.48248,-1.25582,25.36893,-29.17294,cc270324-94b8-4f18-b65c-2e0b49c3ac1f,337d9dfc-22e6-4029-b705-a0ef4997fc7a,84.7419,Pitching,23360085,,,,,,,,,,,,,,,,,,,,-15.07578001,1689.790245,0.965582665,
51,09/08/2025,51:14.6,"Jackson, Sam",1000469373,Left,,Stretch,Slider,Live,,72.29949,0.625209674,2.94677354,2356.675933,330.2723506,5:00,5.84829,-1.60242,6.12626,-61.60543,-8.69348,4.94687,1.29315,1.53578,67.08722,-10.87184389,3.879367907,0.523538112,-1.85724,-4.90777,1.37476,50,5.8639,-5.53696,-105.14178,-0.40341,-2.07537,18.11819,-37.65825,00c039e3-e77a-4baa-abee-3747375ed24e,337d9dfc-22e6-4029-b705-a0ef4997fc7a,71.9956,Pitching,23360085,,,,,,,,,,,,,,,,,,,324.3273444,-58.48493716,1231.888013,0.522722703,4:45
52,09/08/2025,51:32.2,"Jackson, Sam",1000469373,Left,,Stretch,Fastball,Live,,85.32686,-0.028117219,2.292962184,1988.256009,153.6682461,11:00,5.76546,-1.77867,6.60002,-26.32125,10.87888,-5.40381,3.54624,-0.12755,78.09099,-5.033718326,1.263406566,0.438978899,3.63154,6.02846,1.62485,50,5.75241,-4.82946,-124.26322,-0.77302,5.67541,25.01678,-22.75272,fa4e11e7-b191-4e99-bf32-07ff0c09f9ca,337d9dfc-22e6-4029-b705-a0ef4997fc7a,85.8639,Pitching,23360085,,,,,,,,,,,,,,,,,,,140.5953804,-19.93334862,1869.139298,0.940089852,10:45
53,09/08/2025,51:56.1,"Jackson, Sam",1000469373,Left,,Stretch,Slider,Live,,73.75672,3.801589289,1.233438751,2247.816683,328.2500424,5:00,5.87118,-1.73151,5.91412,-58.04956,-6.82533,4.19264,4.56742,-0.23737,67.72728,-7.074694246,2.021730967,0.515120839,-1.92484,-4.72451,1.63041,50,6.14274,-2.419,-107.13544,5.56596,-2.2406,18.2438,-37.67359,65ab57fd-be9e-472c-be2f-3c2acca20952,337d9dfc-22e6-4029-b705-a0ef4997fc7a,73.17203,Pitching,23360085,,,,,,,,,,,,,,,,,,,310.70977,-66.99738454,878.3864004,0.390773148,4:15
54,09/08/2025,52:15.0,"Jackson, Sam",1000469373,Left,,Stretch,Slider,Live,,71.01752,0.886251876,0.58493254,2347.659384,336.0968758,5:15,5.95318,-1.58776,6.11092,-63.24616,-8.74014,3.85353,1.50213,-0.72583,66.14676,-10.91153329,1.31189107,0.531365841,-1.9359,-4.98649,1.54093,50,5.98769,-1.15214,-103.43249,0.02178,-2.10359,16.75836,-37.59247,df698660-5445-4f44-acff-e893c5f1e161,337d9dfc-22e6-4029-b705-a0ef4997fc7a,70.93501,Pitching,23360085,,,,,,,,,,,,,,,,,,,335.3588834,-58.73457873,1218.443063,0.519003341,5:15
55,09/08/2025,52:36.6,"Jackson, Sam",1000469373,Left,,Stretch,Fastball,Live,,84.15699,-0.718448988,2.307725448,2009.913433,142.6868677,10:45,5.6791,-1.7509,6.55829,-27.56086,10.82883,-8.28056,2.72318,-0.32428,76.95066,-5.955130484,0.729163013,0.44594233,5.2385,6.19265,1.59567,50,5.61778,-4.71515,-122.52395,-2.27814,7.94093,24.84091,-22.78675,918af858-c393-4afc-8c4d-b80986a7d443,337d9dfc-22e6-4029-b705-a0ef4997fc7a,84.52312,Pitching,23360085,,,,,,,,,,,,,,,,,,,,-21.65542251,1868.053666,0.929419962,
56,09/08/2025,53:05.1,"Jackson, Sam",1000469373,Left,,Stretch,Splitter,Live,,74.88079,1.100770819,0.003566982,,,,5.83811,-1.83189,5.88687,-49.44895,0.68843,-3.85142,2.73949,-2.14953,68.17374,-8.205233619,-0.725675477,0.509626722,2.08417,0.02762,1.8338,50,5.89851,0.09745,-108.90701,0.75436,2.47285,21.2866,-32.14128,fe9825ef-1771-4976-9eb1-59533ab7b710,337d9dfc-22e6-4029-b705-a0ef4997fc7a,73.96088,Pitching,23360085,,,,,,,,,,,,,,,,,,,,,,,
57,09/08/2025,53:19.8,"Jackson, Sam",1000469373,Left,,Stretch,Splitter,Live,,76.37691,-0.704466746,0.724928924,733.9563846,89.82380971,9:00,5.92584,-1.60313,5.80748,-48.64238,-0.05099,-3.58347,1.2172,-1.22767,69.4547,-9.831097644,0.045424882,0.501708053,2.17465,0.20499,1.54587,50,5.83966,-1.30501,-111.02659,-2.7202,2.66608,23.18285,-31.92273,dfe63ece-fe2d-420d-a525-3acf5627de81,337d9dfc-22e6-4029-b705-a0ef4997fc7a,75.12823,Pitching,23360085,,,,,,,,,,,,,,,,,,,,-24.24103273,669.2407443,0.911826313,
58,09/08/2025,53:35.3,"Jackson, Sam",1000469373,Left,,Stretch,Slider,Live,,73.40039,-0.083483402,2.819687612,2275.044123,317.9083706,4:30,6.06048,-1.66545,5.61972,-55.43873,-3.11286,2.77562,1.3626,1.19901,67.93477,-10.34362728,3.33845711,0.520630516,-0.68797,-1.63963,1.42338,50,6.01799,-5.33187,-106.67704,-1.70851,-0.79174,18.57628,-34.06098,7a746da0-2e6f-4a63-81e0-fd532ec994bc,337d9dfc-22e6-4029-b705-a0ef4997fc7a,72.39768,Pitching,23360085,,,,,,,,,,,,,,,,,,,,-69.23917322,806.4297432,0.354467738,
59,09/08/2025,53:58.1,"Jackson, Sam",1000469373,Left,,Stretch,Fastball,Live,,85.32071,-1.997574324,2.81149609,2034.646626,143.8473357,10:45,5.82007,-1.93739,6.46252,-27.17372,10.42144,-7.63205,1.7181,0.01071,78.05632,-7.139407267,1.359250995,0.441303494,5.01908,6.32134,1.74261,50,5.66691,-5.88156,-124.07661,-5.08676,7.7943,25.71344,-22.35742,2ea40875-7e48-4738-abdb-e3dd8055e244,337d9dfc-22e6-4029-b705-a0ef4997fc7a,85.4116,Pitching,23360085,,,,,,,,,,,,,,,,,,,,-24.46609015,1851.948671,0.910206543,
60,09/08/2025,54:17.5,"Jackson, Sam",1000469373,Left,,Stretch,Fastball,Live,,84.90406,-0.171350379,2.229983564,2019.186649,152.1242654,11:00,5.8928,-1.86281,6.33825,-26.2838,11.90444,-6.31784,3.54463,-0.33544,77.19509,-5.162021699,1.027855616,0.444770761,4.13577,6.58746,1.7038,50,5.86788,-4.63242,-123.54905,-1.11282,6.34623,26.28083,-22.06576,8466a949-b876-4422-b0ea-264f37f74c75,337d9dfc-22e6-4029-b705-a0ef4997fc7a,84.74577,Pitching,23360085,,,,,,,,,,,,,,,,,,,144.6019875,-27.38341892,1792.933811,0.887948527,10:45
61,09/08/2025,57:11.0,"Alvarez, Diego",1000464457,Right,,Windup,Sinker,Live,,88.3182,-0.124289064,-1.320471066,2084.622492,204.0128068,12:45,5.89267,1.76612,5.34205,-22.42069,13.80294,6.1641,3.90767,1.04105,81.10468,-4.283011596,-0.175155277,0.433179001,-3.59909,7.32105,-1.65163,50,5.86557,2.74302,-128.4946,-1.07488,-6.05384,25.11168,-19.85971,ba413724-3175-4907-95fd-81df91f45965,2b052efc-55d1-4efc-a5ab-2eff05060165,87.01354,Pitching,23360085,,,,,,,,,,,,,,,,,,,,29.97593461,1805.773668,0.866235338,
62,09/08/2025,57:28.5,"Alvarez, Diego",1000464457,Right,,Windup,Sinker,Live,,88.3194,-2.632135255,-1.916663943,2059.143424,197.7406073,12:30,5.90044,1.6678,5.44019,-23.81712,12.41957,3.97903,1.44829,0.20428,81.28521,-7.035977292,-1.175844601,0.433257097,-2.61807,7.28311,-1.50124,50,5.65146,4.15566,-128.32617,-6.73304,-4.38491,25.45933,-19.97582,d44d0d91-ddba-4c60-b72d-7b0ae73d5c1c,2b052efc-55d1-4efc-a5ab-2eff05060165,86.99786,Pitching,23360085,,,,,,,,,,,,,,,,,,,202.9005166,23.04328848,1894.8431,0.920209383,12:45
63,09/08/2025,57:49.1,"Alvarez, Diego",1000464457,Right,,Windup,Slider,Live,,80.95616,-0.580594529,-1.639530058,,,,6.02757,1.61481,5.27921,-44.93885,-1.14271,-5.56956,1.73723,-0.38932,74.08667,-8.900482723,-2.679303751,0.476309621,2.44999,-0.42889,-1.46142,50,5.94244,3.54737,-117.61918,-2.65083,3.40373,24.03125,-32.76989,36aebf9e-ade7-4e9a-a3ff-5b98e48af3df,2b052efc-55d1-4efc-a5ab-2eff05060165,79.13432,Pitching,23360085,,,,,,,,,,,,,,,,,,,,,,,
64,09/08/2025,58:09.2,"Alvarez, Diego",1000464457,Right,,Windup,Sinker,Live,,88.84458,-2.690391038,-1.664946416,2087.167705,206.5092122,1:00,5.90218,1.68358,5.47801,-21.22662,14.19351,7.08456,1.61334,0.71585,82.48689,-6.601663618,-0.351187355,0.42834771,-4.14385,8.15031,-1.54247,50,5.6517,3.50652,-129.20889,-6.82081,-7.10916,23.18316,-18.19145,7daf5ad8-c006-4342-9343-ea82349d9aa2,2b052efc-55d1-4efc-a5ab-2eff05060165,87.99496,Pitching,23360085,,,,,,,,,,,,,,,,,,,211.5828506,28.46268862,1834.886851,0.879127655,1:00
65,09/08/2025,58:26.5,"Alvarez, Diego",1000464457,Right,,Windup,Slider,Live,,80.99237,-0.490297036,-0.168357125,,,,5.97339,1.60492,5.15996,-43.53868,0.34076,-3.50719,1.88373,1.15421,74.0687,-8.543925715,-0.822266312,0.476762338,1.79595,0.32586,-1.58662,50,5.89517,0.46198,-117.70734,-2.44865,2.50155,23.841,-31.72017,3694b889-e7a8-4d89-a8c3-1ddc213bb2b8,2b052efc-55d1-4efc-a5ab-2eff05060165,79.05918,Pitching,23360085,,,,,,,,,,,,,,,,,,,,,,,
66,09/08/2025,58:46.7,"Alvarez, Diego",1000464457,Right,,Windup,Slider,Live,,80.401,-0.898021334,-0.850181092,,,,6.03572,1.42412,5.26037,-45.44847,-0.94011,-2.40085,1.40462,0.42536,73.4549,-9.316827347,-1.29925409,0.480166862,1.00702,-0.21986,-1.34466,50,5.92088,1.81094,-116.81466,-3.29772,1.37675,24.17631,-32.47463,78163c53-e5ed-4c73-8761-e3af14ec38b1,2b052efc-55d1-4efc-a5ab-2eff05060165,78.49863,Pitching,23360085,,,,,,,,,,,,,,,,,,,,,,,
67,09/08/2025,59:16.3,"Alvarez, Diego",1000464457,Right,,Windup,Fastball,Live,,89.40395,-1.824673928,-2.136909127,2156.468067,199.3278867,12:45,5.87884,1.5569,5.84649,-20.98542,13.72842,4.82418,2.43294,-0.02748,82.32522,-5.740414194,-1.233243775,0.424055574,-3.14776,7.85415,-1.38615,50,5.71818,4.69342,-130.05525,-4.83941,-5.42662,25.60467,-18.63379,6e2f58ab-a648-4988-9784-3c76dc612edf,2b052efc-55d1-4efc-a5ab-2eff05060165,88.88561,Pitching,23360085,,,,,,,,,,,,,,,,,,,197.9043254,27.50016554,1912.80766,0.887009499,12:30
68,09/08/2025,59:31.6,"Alvarez, Diego",1000464457,Right,,Windup,Fastball,Live,,89.74145,-1.265913139,-3.456070605,2192.855558,211.1263428,1:00,5.80948,1.63039,5.78522,-22.4959,12.18254,7.37977,2.75493,-0.97339,82.34634,-5.466726411,-2.075466447,0.423839242,-4.88495,6.878,-1.35017,50,5.6916,7.62849,-130.39718,-3.63845,-8.44313,26.43195,-20.28614,9140346b-f835-4531-97b3-d86b46658da0,2b052efc-55d1-4efc-a5ab-2eff05060165,88.93098,Pitching,23360085,,,,,,,,,,,,,,,,,,,215.7614839,31.55099668,1868.696184,0.852174772,1:15
69,09/08/2025,59:45.9,"Alvarez, Diego",1000464457,Right,,Windup,ChangeUp,Live,,83.56701,-0.691791432,-1.668795194,1841.675203,243.9130045,2:15,5.79209,1.71722,5.42302,-34.66363,5.50903,11.31608,2.25526,1.09691,77.46956,-7.091155672,0.431673722,0.456180524,-6.39675,3.08444,-1.57718,50,5.70677,3.16628,-121.61468,-2.62352,-9.68594,21.38252,-27.5036,030af16a-d00d-4fcc-aeb9-c64e601b4905,2b052efc-55d1-4efc-a5ab-2eff05060165,82.62615,Pitching,23360085,,,,,,,,,,,,,,,,,,,224.0652095,30.06694761,1593.860464,0.865440585,1:30
70,09/08/2025,00:07.6,"Alvarez, Diego",1000464457,Right,,Windup,Sinker,Live,,88.64412,-1.820205681,-2.458264513,2071.21669,210.1098915,1:00,5.7482,1.59627,5.44036,-20.729,15.08063,8.75946,2.31452,0.02332,81.72487,-5.656978219,-0.831327694,0.430696516,-5.2586,8.44506,-1.38513,50,5.57306,5.22464,-128.8672,-4.82742,-8.92269,24.51687,-17.84464,a9b2266e-060f-4713-adee-34b9c8e7829f,2b052efc-55d1-4efc-a5ab-2eff05060165,87.51508,Pitching,23360085,,,,,,,,,,,,,,,,,,,,21.3451756,1929.140603,0.931404528,
71,09/08/2025,00:41.4,"Alvarez, Diego",1000464457,Right,,Windup,Sinker,Live,,88.61601,-1.991361924,-2.284327174,2037.822137,192.1932613,12:30,5.7414,1.72193,5.40729,-21.26743,14.79294,3.20268,2.10137,-0.15227,81.32756,-5.932214073,-1.688357997,0.432201685,-2.30983,8.37024,-1.52105,50,5.54952,5.02403,-128.76781,-5.22811,-3.89106,25.90984,-18.07379,c0c1a02d-3991-4b6d-967e-75ce30c9bf76,2b052efc-55d1-4efc-a5ab-2eff05060165,87.2103,Pitching,23360085,,,,,,,,,,,,,,,,,,,,24.04860191,1860.939398,0.913200109,
72,09/08/2025,01:11.6,"Alvarez, Diego",1000464457,Right,,Windup,Fastball,Live,,90.04673,-2.082179036,-0.963979477,2141.298139,218.2347282,1:15,5.85257,1.75487,5.59934,-22.12883,12.222,9.64269,2.06376,1.65851,83.4096,-6.177933711,0.830843449,0.421832538,-5.36577,7.01068,-1.6787,50,5.66003,1.86856,-131.04818,-5.53737,-9.44456,24.54006,-19.83422,536cdd7c-d661-4936-9d9f-844c3337b006,2b052efc-55d1-4efc-a5ab-2eff05060165,89.35403,Pitching,23360085,,,,,,,,,,,,,,,,,,,,20.55146608,2005.020009,0.936357237,
73,09/08/2025,03:16.7,"Lehmbeck, Blake",1000464456,Right,,Stretch,Fastball,Live,,87.17181,-2.216562007,-2.911307015,2238.733816,213.856103,1:15,5.97471,1.62171,6.92351,-24.25067,10.95127,7.36076,1.93239,-0.41744,80.16218,-6.832726959,-1.502935512,0.427026411,-4.91448,6.73506,-1.44255,50,5.8274,6.26323,-126.87428,-5.53991,-8.02519,25.51458,-21.17592,352ad16d-72ff-4281-bc7e-4b5cf4fbca1f,2b052efc-55d1-4efc-a5ab-2eff05060165,88.26723,Pitching,23360085,,,,,,,,,,,,,,,,,,,194.1767758,16.76109911,2143.622362,0.957515515,12:30
74,09/08/2025,03:30.9,"Lehmbeck, Blake",1000464456,Right,,Stretch,Slider,Live,,78.1245,-0.493950875,-2.853105348,2219.276324,94.23948488,9:15,5.8247,1.72228,6.5054,-44.28682,0.6109,-8.8078,1.6803,-1.63198,71.7171,-8.859388727,-4.529350725,0.482262522,4.00362,0.48702,-1.5194,50,5.77078,5.885,-113.64974,-2.09229,5.19249,22.45814,-31.54242,ad9a99f5-ce69-4e01-bf90-f9570e4cfe4f,2b052efc-55d1-4efc-a5ab-2eff05060165,78.15751,Pitching,23360085,,,,,,,,,,,,,,,,,,,,,,,
75,09/08/2025,03:53.0,"Lehmbeck, Blake",1000464456,Right,,Stretch,Fastball,Live,,88.27223,-0.826796092,-1.72563353,2321.948111,205.316154,12:45,5.93438,1.91963,6.85096,-20.97407,13.45168,6.37772,3.43244,0.87754,80.72862,-4.835728466,-0.503693908,0.422292206,-4.0497,7.7479,-1.81212,50,5.87388,3.70669,-128.62906,-2.41137,-6.77513,27.03758,-19.21184,b25bc1f9-30cc-40dd-ba5e-72d0eca268da,2b052efc-55d1-4efc-a5ab-2eff05060165,89.25677,Pitching,23360085,,,,,,,,,,,,,,,,,,,,18.10855325,2206.940494,0.950469343,
76,09/08/2025,04:09.2,"Lehmbeck, Blake",1000464456,Right,,Stretch,Slider,Live,,77.50129,1.200541776,-0.897574471,2226.946054,83.13188526,8:45,5.81009,1.71334,,-49.28037,-0.8132,-6.43274,2.84284,0.32555,71.18873,-7.8306141,-2.082732483,0.501066361,3.07781,-0.75519,-1.61718,50,5.88853,1.98211,-112.58263,0.68736,3.94941,20.47923,-33.1431,cce51868-0fa8-4752-8ee7-be78ee073f15,2b052efc-55d1-4efc-a5ab-2eff05060165,,Pitching,23360085,,,,,,,,,,,,,,,,,,,,,,,
77,09/08/2025,04:26.8,"Lehmbeck, Blake",1000464456,Right,,Stretch,Slider,Live,,76.78094,0.713945427,-1.942296781,2160.345362,122.1815785,10:00,5.93808,1.504,6.4147,-42.11099,3.82195,-6.13329,3.08551,-0.79319,71.16878,-7.209222909,-3.101174463,0.487790708,2.86761,1.91403,-1.36265,50,5.96946,3.94972,-111.85678,0.321,3.66105,18.72636,-29.73043,8c6ed96a-a606-4535-b283-d5161405ff86,2b052efc-55d1-4efc-a5ab-2eff05060165,77.27174,Pitching,23360085,,,,,,,,,,,,,,,,,,,,67.38297715,830.803143,0.384569596,
78,09/08/2025,04:50.4,"Lehmbeck, Blake",1000464456,Right,,Stretch,Fastball,Live,,88.53928,-1.08375761,-2.366988164,2421.032024,197.2118317,12:30,5.91884,1.96547,6.95401,-18.78941,15.23248,4.72952,3.36609,0.20487,81.17309,-4.676010368,-1.461067314,0.419807915,-3.29819,8.83263,-1.82062,50,5.84506,5.20963,-128.99858,-2.92929,-5.56603,26.45151,-17.26808,531c07ca-e74e-4720-9db9-99dfb21c76c4,2b052efc-55d1-4efc-a5ab-2eff05060165,89.78497,Pitching,23360085,,,,,,,,,,,,,,,,,,,,17.4352993,2309.799915,0.954055912,
79,09/08/2025,05:06.9,"Lehmbeck, Blake",1000464456,Right,,Stretch,Fastball,Live,,87.5179,-2.720074756,-1.673012483,2237.886299,206.6506943,1:00,5.79252,1.8942,7.15274,-23.06848,11.42623,5.74089,1.40194,0.85586,80.76369,-7.119879922,-0.570052612,0.42271494,-3.68266,7.16847,-1.7983,50,5.62612,3.58391,-127.50212,-6.62339,-6.08889,25.13773,-20.32173,37a979db-c00f-4880-affc-78f7132876e8,2b052efc-55d1-4efc-a5ab-2eff05060165,89.16751,Pitching,23360085,,,,,,,,,,,,,,,,,,,,17.98718311,2128.510991,0.951125619,
80,09/08/2025,05:24.1,"Lehmbeck, Blake",1000464456,Right,,Stretch,Curveball,Live,,74.94827,1.811199995,-1.149213163,2118.635264,32.6348106,7:00,5.86404,1.58364,5.94999,-59.32779,-10.40031,-6.63477,2.60053,-0.0351,69.98342,-9.216134847,-2.391187438,0.503440073,3.2945,-6.04924,-1.48862,50,5.97424,2.37054,-109.13578,1.83102,4.01954,17.11813,-39.55457,ca96f804-d1f4-4668-82e4-eb16fefa0413,2b052efc-55d1-4efc-a5ab-2eff05060165,74.86976,Pitching,23360085,,,,,,,,,,,,,,,,,,,7.983179179,38.98126984,1646.924611,0.777351647,6:15
81,09/08/2025,05:44.0,"Lehmbeck, Blake",1000464456,Right,,Stretch,Curveball,Live,,73.46416,0.990759767,-1.532202073,2007.908482,43.03276763,7:30,5.79386,1.77919,6.31086,-58.33828,-8.50472,-7.90613,1.84527,-0.29119,69.32379,-9.857316172,-3.015205821,0.508080335,3.96882,-4.85551,-1.66329,50,5.83767,3.06392,-107.10494,0.38423,4.7013,15.07163,-37.92569,a4bec3c1-e0aa-42cf-a0ec-45e42fbabbde,2b052efc-55d1-4efc-a5ab-2eff05060165,74.18598,Pitching,23360085,,,,,,,,,,,,,,,,,,,27.84062091,33.06584936,1682.715791,0.838044067,7:00
82,09/08/2025,05:57.4,"Lehmbeck, Blake",1000464456,Right,,Stretch,Fastball,Live,,89.15081,-2.892790572,-2.688193775,2372.872535,206.6469765,1:00,5.85818,1.4401,6.9243,-22.09141,11.61653,5.8352,1.37871,-0.52255,81.92679,-7.094746014,-1.571022445,0.417866494,-4.00826,7.30236,-1.27438,50,5.6694,5.93686,-129.70418,-7.14083,-6.8337,26.92185,-19.72423,85519e20-11fb-4177-b2f6-5c348ecc1d02,2b052efc-55d1-4efc-a5ab-2eff05060165,90.20211,Pitching,23360085,,,,,,,,,,,,,,,,,,,,24.56034622,2158.184507,0.909523995,
83,09/08/2025,06:16.7,"Lehmbeck, Blake",1000464456,Right,,Stretch,Fastball,Live,,89.11081,-3.077156723,-2.694097247,2241.270389,211.3877664,1:00,5.92515,1.48713,7.02162,-21.69335,11.88908,7.25709,1.3156,-0.35784,81.99272,-7.207500307,-1.302837825,0.417087746,-4.80973,7.51691,-1.326,50,5.73059,5.91489,-129.65194,-7.53343,-8.20371,26.58489,-19.35284,f20ddd46-34ae-439e-8c42-83ac446c434c,2b052efc-55d1-4efc-a5ab-2eff05060165,90.37053,Pitching,23360085,,,,,,,,,,,,,,,,,,,,14.43491929,2170.516656,0.968431416,
84,09/08/2025,08:46.8,"Alvarez, Diego",1000464457,Right,,Stretch,Sinker,Live,,88.10434,-1.211586413,-1.373979256,2004.669188,206.7248164,1:00,5.89529,1.79683,5.40128,-24.60952,11.63088,5.87013,2.70886,0.99847,81.29959,-5.76439119,-0.28370723,0.433279199,-3.45086,6.45615,-1.67866,50,5.77031,2.86823,-128.19172,-3.57747,-5.79375,24.27687,-21.33462,4ce35d49-4821-4cea-8b93-9cf33c788454,2b052efc-55d1-4efc-a5ab-2eff05060165,86.99342,Pitching,23360085,,,,,,,,,,,,,,,,,,,,25.72580191,1805.969668,0.900881641,
85,09/08/2025,09:02.0,"Alvarez, Diego",1000464457,Right,,Stretch,Slider,Live,,80.36584,-1.36122701,-1.322646184,,,,6.03983,1.63204,5.25586,-44.80734,-0.52674,-4.35992,1.02651,0.02594,74.02388,-9.615714472,-2.134566106,0.478936735,1.92114,0.11261,-1.50783,50,5.8827,2.8382,-116.79375,-4.2312,2.64549,22.62618,-32.01898,3a0cd399-6c0f-41dc-a69c-03b84ea56569,2b052efc-55d1-4efc-a5ab-2eff05060165,78.70025,Pitching,23360085,,,,,,,,,,,,,,,,,,,,,,,
86,09/08/2025,09:21.5,"Alvarez, Diego",1000464457,Right,,Stretch,Curveball,Live,,79.43322,2.08868366,0.313641902,2093.069087,17.75758397,6:30,5.93525,1.55872,5.27574,-57.67786,-12.87113,-4.10706,3.09114,1.51101,73.73611,-8.536367212,-0.447547563,0.481773592,2.24087,-7.30123,-1.58432,50,6.08375,-0.49966,-115.53678,2.34864,3.05682,19.67297,-42.13383,89daf989-ced3-41c9-8831-f3c2a31d14db,2b052efc-55d1-4efc-a5ab-2eff05060165,78.23683,Pitching,23360085,,,,,,,,,,,,,,,,,,,,31.25918552,1789.215508,0.854828691,
87,09/08/2025,09:42.7,"Alvarez, Diego",1000464457,Right,,Stretch,Curveball,Live,,80.29494,0.716600229,-1.405621276,2026.307603,11.888098,6:30,5.87698,1.76245,5.37921,-56.00136,-12.46563,-2.61732,1.8821,0.2266,75.02652,-9.571603537,-1.890520755,0.474891417,1.03953,-6.75583,-1.63499,50,5.90161,2.95211,-116.86878,-0.34417,1.45512,19.52724,-41.63079,3d544f73-c2e2-474e-bc90-9de456d50581,2b052efc-55d1-4efc-a5ab-2eff05060165,79.37065,Pitching,23360085,,,,,,,,,,,,,,,,,,,,33.23865173,1694.793014,0.836394737,
88,09/08/2025,10:01.7,"Alvarez, Diego",1000464457,Right,,Stretch,Sinker,Live,,88.27471,-1.657160697,-1.783596849,2087.502176,218.5023665,1:15,5.95884,1.53384,5.59038,-25.12641,10.64681,8.48779,2.31666,0.57544,81.74806,-6.309939628,-0.204202352,0.430477475,-4.95121,6.0691,-1.38653,50,5.80039,3.70927,-128.45181,-4.57854,-8.37041,23.65433,-21.91375,79334110-06d1-4036-b505-ed3be3dde020,2b052efc-55d1-4efc-a5ab-2eff05060165,87.55961,Pitching,23360085,,,,,,,,,,,,,,,,,,,209.0371113,28.76062076,1829.982858,0.876637581,1:00
89,09/08/2025,10:21.0,"Alvarez, Diego",1000464457,Right,,Stretch,Slider,Live,,80.59138,-1.216546647,-2.124509673,,,,5.94427,1.64765,5.1881,-46.18929,-1.98696,-3.68517,0.94989,-0.65873,74.21772,-9.713113647,-2.809491519,0.478513239,1.32725,-0.69499,-1.44791,50,5.79712,4.46373,-117.06099,-4.00614,1.83506,22.84059,-33.13495,9e43cac6-87aa-4d42-9c85-29aefc4ce139,2b052efc-55d1-4efc-a5ab-2eff05060165,78.7699,Pitching,23360085,,,,,,,,,,,,,,,,,,,,,,,
90,09/08/2025,10:54.7,"Alvarez, Diego",1000464457,Right,,Stretch,Fastball,Live,,90.00973,-1.352909477,-2.970295563,2151.252283,213.7025066,1:00,5.78676,1.62509,5.79655,-23.37052,10.81668,7.23533,2.57908,-0.53684,83.24633,-5.700648788,-1.620586927,0.420826607,-4.60537,6.12907,-1.38547,50,5.66147,6.54937,-130.91889,-3.88339,-8.0864,24.61333,-21.41224,f7352bba-b221-4630-bd91-89a0cbb07399,2b052efc-55d1-4efc-a5ab-2eff05060165,89.56762,Pitching,23360085,,,,,,,,,,,,,,,,,,,207.19926,31.74030736,1829.513641,0.850441232,1:00
91,09/08/2025,11:10.9,"Alvarez, Diego",1000464457,Right,,Stretch,ChangeUp,Live,,83.09134,-1.645242088,-2.021197378,1801.002326,228.1120674,1:30,5.75473,1.86855,5.54665,-31.48338,9.02607,10.09237,1.59248,0.82025,77.01157,-7.464392604,-0.143474381,0.458088695,-5.86519,5.20533,-1.70046,50,5.59157,3.93851,-120.87234,-4.49473,-8.76674,21.28072,-24.3936,ed82f05f-529d-4ee3-a748-5b438ce88947,2b052efc-55d1-4efc-a5ab-2eff05060165,82.28197,Pitching,23360085,,,,,,,,,,,,,,,,,,,229.4265629,31.01834635,1543.463206,0.857002339,1:45
92,09/08/2025,11:31.2,"Alvarez, Diego",1000464457,Right,,Stretch,Curveball,Live,,79.5832,3.844769031,0.995159013,1967.313694,14.22563378,6:30,5.83001,1.6425,4.91266,-57.24937,-11.80753,-2.97663,4.70023,2.3354,73.35434,-6.663368934,0.446976312,0.48517604,1.79889,-7.11123,-1.73708,50,6.15845,-1.9046,-115.48992,5.81013,2.45072,19.75651,-41.86203,5de5a963-2a0d-4505-a0e0-c8269f28c057,2b052efc-55d1-4efc-a5ab-2eff05060165,77.68817,Pitching,23360085,,,,,,,,,,,,,,,,,,,6.760831922,30.913417,1687.846211,0.857944626,6:15
93,09/08/2025,12:16.3,"Alvarez, Diego",1000464457,Right,,Stretch,Slider,Live,,81.88773,-1.158019595,-1.42843814,,,,5.93616,1.76369,5.29542,-38.36287,4.33707,-3.08824,1.65167,0.16511,74.92864,-8.262334045,-2.004836198,0.470310884,1.21066,2.63597,-1.63174,50,5.80355,3.06843,-118.98911,-3.66447,1.72507,24.13732,-28.41804,e03558d7-1246-4478-9cad-5c802e0ff86c,2b052efc-55d1-4efc-a5ab-2eff05060165,80.14367,Pitching,23360085,,,,,,,,,,,,,,,,,,,,,,,
94,09/08/2025,12:42.8,"Alvarez, Diego",1000464457,Right,,Stretch,Sinker,Live,,88.03111,-0.296761877,-1.176475045,1840.790156,205.2702502,12:45,5.62133,1.83175,5.50152,-23.3154,12.83677,6.07489,3.4008,1.23765,81.08986,-4.626803486,-0.045826109,0.432751494,-3.52244,6.88821,-1.73321,50,5.57978,2.42138,-128.13686,-1.47007,-5.90655,24.35378,-20.62365,8091ad22-dec5-4779-82f6-4e049fe1af29,2b052efc-55d1-4efc-a5ab-2eff05060165,87.0995,Pitching,23360085,,,,,,,,,,,,,,,,,,,,21.59116224,1711.627907,0.929833257,
95,09/08/2025,13:03.6,"Alvarez, Diego",1000464457,Right,,Stretch,Sinker,Live,,88.27614,-2.698638403,-1.664570015,1976.149453,223.1095179,1:30,5.68281,1.87101,5.46371,-26.00508,10.06811,9.43429,0.98735,1.09903,81.69789,-7.494333682,0.089251366,0.432278545,-5.41772,6.01406,-1.73112,50,5.42766,3.40027,-128.32616,-6.9579,-9.11864,24.22889,-22.05169,67e00bcf-b14c-4adc-9f53-3e9675763da8,2b052efc-55d1-4efc-a5ab-2eff05060165,87.19479,Pitching,23360085,,,,,,,,,,,,,,,,,,,,23.73700768,1808.972707,0.915402782,
96,09/08/2025,13:27.8,"Alvarez, Diego",1000464457,Right,,Stretch,ChangeUp,Live,,82.8125,-0.715105385,-2.54130182,1790.704699,236.7391292,2:00,5.64732,1.93299,5.53142,-33.11167,7.60417,11.64598,2.21896,0.52674,76.82831,-6.837038992,-0.378497115,0.45925416,-6.79447,4.20853,-1.72029,50,5.56318,4.96937,-120.48372,-2.58027,-10.11619,20.58044,-25.90803,d826f549-95a1-4507-9799-dc6779c9f5e0,2b052efc-55d1-4efc-a5ab-2eff05060165,82.07316,Pitching,23360085,,,,,,,,,,,,,,,,,,,234.5107361,29.25437798,1562.315838,0.872458669,1:45
97,09/08/2025,13:59.7,"Alvarez, Diego",1000464457,Right,,Windup,Sinker,Live,,88.54587,-2.232291186,-2.3350499,2117.353638,202.3412136,12:45,5.79799,1.6511,5.67149,-19.49102,16.11015,6.62915,2.09003,0.02562,81.6341,-5.853317965,-1.098345211,0.429441029,-4.13346,9.17071,-1.45845,50,5.59737,5.0258,-128.74053,-5.68067,-6.99532,24.62982,-16.65385,746e83cc-7658-46f6-b0c0-08e0ba1bbd54,2b052efc-55d1-4efc-a5ab-2eff05060165,87.77093,Pitching,23360085,,,,,,,,,,,,,,,,,,,198.5028633,28.89421468,1853.771315,0.875513321,12:30
98,09/08/2025,14:43.3,"Alvarez, Diego",1000464457,Right,,Windup,Sinker,Live,,88.21512,0.197458218,-1.244159108,1964.758112,173.7312685,11:45,5.60049,1.80082,5.59134,-24.14238,11.98655,-1.32031,3.77301,0.52908,80.66984,-4.311311007,-1.491124235,0.432612377,0.36122,6.34009,-1.69339,50,5.60181,2.83221,-128.34619,-0.37641,0.60298,26.37435,-21.59053,0ea75dec-1ebb-4836-9b45-f142106452ab,2b052efc-55d1-4efc-a5ab-2eff05060165,87.12751,Pitching,23360085,,,,,,,,,,,,,,,,,,,206.4706999,36.32007709,1583.046447,0.805720785,1:00
99,09/08/2025,15:17.2,"Alvarez, Diego",1000464457,Right,,Windup,Sinker,Live,,89.22522,-3.162203891,-1.876198554,1988.433125,198.5501607,12:30,5.72706,1.70674,5.54033,-22.82106,12.65296,4.24909,0.8657,0.30693,81.97332,-7.389130118,-1.082710829,0.428673489,-2.77265,7.59742,-1.54711,50,5.43794,4.09789,-129.58171,-7.95176,-4.72393,26.56217,-19.22986,43538439-0357-40f9-a16c-b141fdac3445,2b052efc-55d1-4efc-a5ab-2eff05060165,87.92809,Pitching,23360085,,,,,,,,,,,,,,,,,,,,36.24787148,1603.604844,0.806466571,
100,09/08/2025,15:49.3,"Alvarez, Diego",1000464457,Right,,Windup,Sinker,Live,,86.78322,-1.329872606,-1.925916003,1964.083548,237.8484408,2:00,5.60978,1.90084,5.7149,-28.94633,8.04093,12.8297,1.95798,1.17544,80.09626,-6.712607033,0.472452408,0.437721097,-7.36069,4.64506,-1.74793,50,5.48072,3.82466,-126.26922,-3.8835,-11.96759,24.01213,-24.62175,f29428a5-e940-4b33-895b-9ee41417c5cd,2b052efc-55d1-4efc-a5ab-2eff05060165,86.11063,Pitching,23360085,,,,,,,,,,,,,,,,,,,,22.29225844,1817.289869,0.925260981,
101,09/08/2025,16:12.6,"Alvarez, Diego",1000464457,Right,,Stretch,Sinker,Live,,86.6087,-0.673410611,-1.051399483,2030.67265,248.9541712,2:15,5.5665,1.99141,5.73602,-32.21134,4.79188,12.5279,2.2551,2.05637,80.12679,-6.662176348,1.289809897,0.437815524,-6.97054,2.73478,-1.91172,50,5.49068,1.90449,-126.11038,-2.53655,-11.32468,23.52531,-27.73099,f8427d0e-55e2-4acf-8dea-52beb8d5fa25,2b052efc-55d1-4efc-a5ab-2eff05060165,86.09206,Pitching,23360085,,,,,,,,,,,,,,,,,,,230.7234582,24.22736098,1851.819649,0.911924258,1:45
102,09/08/2025,18:05.6,"Lehmbeck, Blake",1000464456,Right,,Stretch,Fastball,Live,,87.34564,-2.812069936,-3.480489385,2332.839347,207.1587258,1:00,5.84022,1.66286,7.0549,-23.10499,11.73418,6.02942,1.35455,-0.99902,80.62605,-7.205968072,-2.327284613,0.424820356,-4.30272,7.33403,-1.45544,50,5.66295,7.57666,-127.04853,-6.82893,-7.07086,24.70665,-20.12169,5db3fd30-582e-4bf7-8683-25d0305500f5,2b052efc-55d1-4efc-a5ab-2eff05060165,88.7256,Pitching,23360085,,,,,,,,,,,,,,,,,,,193.8929148,17.55843277,2224.151853,0.953409782,12:30
103,09/08/2025,18:24.4,"Lehmbeck, Blake",1000464456,Right,,Stretch,Fastball,Live,,87.52328,-2.49400883,-1.555411547,2335.749305,205.7518856,12:45,6.01221,1.26886,6.79044,-20.78087,14.36926,6.93766,2.00201,0.42709,80.2074,-6.447549111,-0.227593796,0.426712001,-4.305,8.71211,-1.17084,50,5.84263,3.27595,-127.42971,-6.10426,-7.06972,26.4958,-17.86692,6858be9c-895b-4f82-81a3-841e698f9259,2b052efc-55d1-4efc-a5ab-2eff05060165,88.33227,Pitching,23360085,,,,,,,,,,,,,,,,,,,204.3225842,8.809215181,2308.196253,0.988203763,12:45
104,09/08/2025,18:42.5,"Lehmbeck, Blake",1000464456,Right,,Stretch,Slider,Live,,77.9178,-0.334212249,-2.186439443,2367.780309,101.1042634,9:15,5.75052,1.63223,6.78916,-42.51953,1.67942,-8.76068,1.90197,-1.09432,72.0992,-8.384585841,-3.856693322,0.478494956,4.28051,1.02709,-1.48722,50,5.71244,4.54208,-113.52577,-1.67109,5.59401,20.51421,-30.83179,8ca68f10-ce13-4284-9d81-207d79bb991f,2b052efc-55d1-4efc-a5ab-2eff05060165,78.77291,Pitching,23360085,,,,,,,,,,,,,,,,,,,84.253446,67.06531989,922.6800779,0.389681456,8:45
105,09/08/2025,19:06.5,"Lehmbeck, Blake",1000464456,Right,,Stretch,Slider,Live,,76.55575,-0.201122445,-2.671693191,2299.750148,112.1806792,9:45,5.81496,1.53536,6.44394,-42.38698,3.75153,-9.30989,2.09774,-1.69675,71.28133,-8.145557976,-4.427211813,0.488881028,4.43715,2.11066,-1.34188,50,5.78128,5.43808,-111.49306,-1.46355,5.63531,18.3615,-29.49345,460da37e-435d-4a86-b51e-4cf6dd369939,2b052efc-55d1-4efc-a5ab-2eff05060165,77.09941,Pitching,23360085,,,,,,,,,,,,,,,,,,,,70.37929602,772.2376162,0.335791963,
106,09/08/2025,19:22.6,"Lehmbeck, Blake",1000464456,Right,,Stretch,Fastball,Live,,87.5165,-1.186109334,-3.091784826,2354.399209,200.0396479,12:45,5.87518,1.83766,7.01289,-22.38257,12.37403,4.52783,2.93033,-0.5975,80.39108,-5.462200397,-2.224836686,0.42431661,-3.38077,7.26955,-1.65094,50,5.7952,6.76951,-127.44489,-3.20769,-5.57386,25.5945,-20.18876,dffa7d3c-59f0-45e1-a13e-9715e2527c20,2b052efc-55d1-4efc-a5ab-2eff05060165,88.83093,Pitching,23360085,,,,,,,,,,,,,,,,,,,,24.74504169,2138.216862,0.908179401,
107,09/08/2025,19:41.8,"Lehmbeck, Blake",1000464456,Right,,Stretch,Fastball,Live,,86.84374,-1.509808068,-1.828303243,2305.971551,191.1039717,12:15,6.01024,1.43587,6.73074,-19.99447,15.45247,3.03856,2.96349,0.01799,80.18898,-5.300230199,-1.250367022,0.428509828,-2.14985,8.9579,-1.31681,50,5.90287,3.95788,-126.55609,-3.87619,-3.51649,23.76144,-17.52173,ba0188e1-2691-4ca9-b2c7-43337a0abf14,2b052efc-55d1-4efc-a5ab-2eff05060165,87.96167,Pitching,23360085,,,,,,,,,,,,,,,,,,,,26.47489923,2064.14374,0.895129751,
108,09/08/2025,20:20.5,"Lehmbeck, Blake",1000464456,Right,,Stretch,Fastball,Live,,87.01302,-3.030070111,-4.100386844,2249.500591,217.1335614,1:15,5.77417,2.02329,6.73426,-25.28375,10.22529,7.75197,0.8891,-1.0834,80.59962,-7.795641033,-2.630290914,0.42888502,-5.3375,6.44102,-1.75653,50,5.56429,8.85372,-126.4137,-7.38908,-8.71505,23.5904,-21.65717,5917eb39-5225-4ecc-9fdc-7aa2b231fce5,2b052efc-55d1-4efc-a5ab-2eff05060165,87.88472,Pitching,23360085,,,,,,,,,,,,,,,,,,,,21.05327675,2099.339212,0.933246793,
109,09/08/2025,20:43.7,"Lehmbeck, Blake",1000464456,Right,,Stretch,Fastball,Live,,86.31177,-2.245159225,-2.129620564,2204.185883,214.5229741,1:15,5.82976,1.86167,6.87716,-24.90412,10.85964,7.48248,1.70629,0.54392,79.80264,-6.968903794,-0.70157872,0.430420536,-4.72441,6.63933,-1.72978,50,5.67843,4.48175,-125.72269,-5.57605,-7.61574,23.7804,-21.47146,5b7ad829-595c-49fc-8c35-c7a2899c6851,2b052efc-55d1-4efc-a5ab-2eff05060165,87.57119,Pitching,23360085,,,,,,,,,,,,,,,,,,,216.096679,26.80012979,1967.422809,0.892584797,1:15
110,09/08/2025,21:00.4,"Lehmbeck, Blake",1000464456,Right,,Stretch,Curveball,Live,,74.30411,0.305937168,-1.374916201,2161.742953,41.44282313,7:30,5.79043,1.70795,6.09144,-59.33381,-9.6159,-8.45699,1.12898,-0.26865,69.41009,-10.72943476,-2.965646485,0.507490439,4.22863,-5.29638,-1.59766,50,5.78234,2.81961,-108.22176,-0.98043,5.04437,17.84993,-38.49214,17c8ba95-8c35-4f53-85ce-c5defb2d298d,2b052efc-55d1-4efc-a5ab-2eff05060165,74.27221,Pitching,23360085,,,,,,,,,,,,,,,,,,,24.11113562,38.97441696,1680.597081,0.777426881,6:45
111,09/08/2025,21:22.3,"Lehmbeck, Blake",1000464456,Right,,Stretch,Curveball,Live,,73.1604,0.025722551,-1.703216856,2058.345328,28.65663676,7:00,5.73715,1.77497,6.29188,-61.26094,-10.17791,-5.54144,0.65579,-0.25656,68.2385,-11.41291431,-2.751381511,0.514410405,2.56598,-5.57403,-1.64717,50,5.70917,3.30554,-106.54567,-1.47055,2.95474,18.00784,-38.59257,d609b32d-6900-4c7f-82e2-228cf29505d8,2b052efc-55d1-4efc-a5ab-2eff05060165,73.27309,Pitching,23360085,,,,,,,,,,,,,,,,,,,33.9605862,38.09379144,1619.921641,0.787001879,7:15
112,09/08/2025,21:42.6,"Lehmbeck, Blake",1000464456,Right,,Stretch,Fastball,Live,,87.13877,-1.292607617,-1.463581893,2242.107585,202.157042,12:45,5.83647,1.72972,7.05109,-22.72427,12.06036,4.92221,2.76837,0.81052,80.44895,-5.628572844,-0.520842113,0.424487707,-3.14151,7.10684,-1.6433,50,5.75096,3.12346,-127.07177,-3.43699,-5.17343,24.29105,-20.47053,6df759c3-35ba-4e7c-aea7-f7b9d5a630c9,2b052efc-55d1-4efc-a5ab-2eff05060165,88.79512,Pitching,23360085,,,,,,,,,,,,,,,,,,,193.3539382,22.98220752,2064.142864,0.920626146,12:30
113,09/08/2025,22:04.3,"Lehmbeck, Blake",1000464456,Right,,Stretch,Fastball,Live,,87.16888,-2.483626991,-1.659201859,2307.994336,211.6887475,1:00,5.81313,1.71261,7.02317,-24.87836,9.90629,6.12553,1.48095,0.7151,80.82651,-7.206582763,-0.487929984,0.424487793,-3.85183,6.17957,-1.61405,50,5.65375,3.5249,-127.02646,-6.14004,-6.35292,23.72086,-21.98192,33771574-de7e-463b-85d2-ed2879f0d56f,2b052efc-55d1-4efc-a5ab-2eff05060165,88.79511,Pitching,23360085,,,,,,,,,,,,,,,,,,,,16.63591608,2211.389313,0.958143301,
114,09/08/2025,22:40.6,"Lehmbeck, Blake",1000464456,Right,,Stretch,Fastball,Live,,88.71605,-3.03602572,-2.452577254,2377.263186,204.2378537,12:45,5.83881,1.88967,7.0342,-21.28142,12.66168,5.70457,1.3023,0.13575,81.39573,-7.095322566,-1.356901608,0.419321542,-3.89778,7.9753,-1.74321,50,5.64767,5.38437,-129.08855,-7.39278,-6.5699,27.14439,-18.73126,53451548-6247-45f4-9fc3-e276ccae72ed,2b052efc-55d1-4efc-a5ab-2eff05060165,89.88911,Pitching,23360085,,,,,,,,,,,,,,,,,,,195.9507408,22.07386611,2203.010124,0.926700139,12:30
115,09/08/2025,22:55.3,"Lehmbeck, Blake",1000464456,Right,,Stretch,Curveball,Live,,75.03075,1.911767018,0.138898294,2193.336058,34.55434953,7:15,5.70007,1.78742,,-62.66591,-11.055,-7.57908,2.28622,1.28716,68.87018,-9.617688657,-1.266738822,0.517061472,3.99364,-6.32826,-1.79481,50,5.83575,-0.0228,-108.95421,1.6414,4.77361,20.14847,-39.73823,ac694e3a-e525-4c40-988d-e6beb5ce43e4,2b052efc-55d1-4efc-a5ab-2eff05060165,,Pitching,23360085,,,,,,,,,,,,,,,,,,,39.71388601,36.72961509,1757.885672,0.801466636,7:15
116,09/08/2025,23:13.2,"Lehmbeck, Blake",1000464456,Right,,Stretch,Fastball,Live,,87.60433,-0.979906377,-1.642559358,2329.786442,212.130898,1:00,5.83503,1.85189,6.96587,-21.06424,13.95051,8.77959,3.1879,1.08905,79.61947,-5.02763012,0.049272357,0.425889505,-5.43107,8.13591,-1.75366,50,5.76721,3.43733,-127.63127,-2.71805,-8.88128,28.38495,-18.86962,7a227bc3-1ed0-4455-82e9-7f9551200c67,2b052efc-55d1-4efc-a5ab-2eff05060165,88.50286,Pitching,23360085,,,,,,,,,,,,,,,,,,,,20.00179047,2189.258226,0.939681932,
117,09/08/2025,23:32.0,"Lehmbeck, Blake",1000464456,Right,,Stretch,Curveball,Live,,73.91476,1.303051818,-0.30676921,2035.194876,34.92099906,7:15,5.76692,1.59369,6.12217,-59.29258,-8.66947,-6.02219,2.03054,0.80828,68.15287,-9.825740921,-1.447033058,0.512089461,3.18949,-5.09679,-1.56711,50,5.83552,0.7312,-107.59354,0.92013,3.72376,19.36929,-38.12461,3e0050d3-1bdf-45cd-b5bc-e8c76da95fd0,2b052efc-55d1-4efc-a5ab-2eff05060165,73.60518,Pitching,23360085,,,,,,,,,,,,,,,,,,,30.5958509,37.29940706,1618.956315,0.795479752,7:00
118,09/08/2025,23:54.4,"Lehmbeck, Blake",1000464456,Right,,,Fastball,Live,,88.84,-2.277565259,-0.147802921,2398.232348,208.0739841,1:00,5.80372,1.90815,6.86353,-20.03351,13.73911,7.33683,2.05742,2.38485,81.95453,-6.081960688,1.253769507,0.418267153,-4.13248,8.26213,-1.90151,50,5.65166,0.13832,-129.47882,-5.68399,-7.05555,25.5829,-18.06777,a4e7b3cd-c132-4be4-93a4-c6278a752644,2b052efc-55d1-4efc-a5ab-2eff05060165,90.1157,Pitching,23360085,,,,,,,,,,,,,,,,,,,,17.55219797,2286.576895,0.953442604,
119,09/08/2025,24:10.0,"Lehmbeck, Blake",1000464456,Right,,Stretch,Fastball,Live,,87.86786,-1.100965774,-1.772178186,2310.088112,197.4182222,12:30,5.77279,1.80979,7.05763,-22.2396,11.81124,3.71485,2.91922,0.50972,81.4735,-5.336084248,-1.062568023,0.419986512,-2.51471,6.89514,-1.70459,50,5.69909,3.87129,-128.16025,-3.02698,-4.23436,23.40851,-20.56374,4278b727-7395-4a5c-992b-0353f198cf21,2b052efc-55d1-4efc-a5ab-2eff05060165,89.74678,Pitching,23360085,,,,,,,,,,,,,,,,,,,200.5536171,30.45360732,1991.387974,0.862039834,12:45
120,09/08/2025,25:46.4,"Lee, Seth",1000464461,Right,,Stretch,Fastball,Live,,89.73079,-1.919429672,-2.303815839,2013.761438,199.7108328,12:45,6.07572,0.51623,5.87929,-22.25388,12.34489,4.43204,2.43681,-1.25482,82.25077,-6.082736903,-1.471058722,0.42335211,-3.02268,7.1821,-0.33295,50,5.90791,5.10336,-130.46574,-5.10586,-5.21515,27.18596,-19.78249,af7fad0d-6fe6-4e9a-a597-836918f1aabb,2b052efc-55d1-4efc-a5ab-2eff05060165,89.03331,Pitching,23360085,,,,,,,,,,,,,,,,,,,,8.059844857,1993.869832,0.990122164,
121,09/08/2025,26:00.4,"Lee, Seth",1000464461,Right,,Stretch,Cutter,Live,,83.87799,-0.693448075,-1.886589541,,,,6.00421,0.58225,5.26108,-36.56811,3.09662,-4.00583,2.30509,-1.52438,78.81819,-7.371845588,-2.622311496,0.453287375,1.70418,1.7684,-0.40676,50,5.91369,4.16242,-122.15118,-2.747,2.6374,18.5774,-29.43725,a2ba89eb-d467-4084-9c98-36e2d7a3519c,2b052efc-55d1-4efc-a5ab-2eff05060165,83.15352,Pitching,23360085,,,,,,,,,,,,,,,,,,,,,,,
122,09/08/2025,26:14.2,"Lee, Seth",1000464461,Right,,Stretch,Slider,Live,,79.66753,0.013429658,-1.396828276,2553.102831,34.21791481,7:15,5.91241,1.01304,5.20084,-50.71347,-5.60821,-3.78946,1.69892,-0.61659,73.37978,-9.337010933,-2.101570909,0.483375911,1.59741,-2.95672,-0.88105,50,5.87612,2.9469,-115.80394,-1.62061,2.16407,22.10414,-36.17963,1000fcf3-870b-4e48-ae79-8e1a49b776a6,2b052efc-55d1-4efc-a5ab-2eff05060165,77.97749,Pitching,23360085,,,,,,,,,,,,,,,,,,,48.72299638,59.79610362,1284.411705,0.50307872,7:30
123,09/08/2025,26:41.1,"Lee, Seth",1000464461,Right,,Stretch,Fastball,Live,,89.75827,0.563244619,-1.580349231,2195.113439,209.3231067,1:00,6.24314,0.48287,5.90701,-22.04463,12.18307,6.86264,4.92904,-0.4123,82.6465,-3.564297205,-0.294295577,0.421075778,-4.09347,6.41813,-0.36014,50,6.2756,3.38025,-130.7066,0.55993,-7.14608,25.19785,-20.96977,4fc4d713-97ff-40e0-82ce-61da2e67e5ec,2b052efc-55d1-4efc-a5ab-2eff05060165,89.51462,Pitching,23360085,,,,,,,,,,,,,,,,,,,,,,,
124,09/08/2025,26:58.8,"Lee, Seth",1000464461,Right,,Stretch,Fastball,Live,,89.36809,-1.967357166,-0.391329566,2055.237316,183.8879719,12:15,6.07808,0.30582,5.84222,-21.59992,13.32393,0.90698,2.44923,0.01777,81.82501,-6.009220826,-0.220720936,0.425336315,-0.59764,7.72391,-0.27455,50,5.90545,0.85821,-130.01594,-5.17621,-1.02253,27.37405,-18.95888,0c534b20-0931-41ed-bb08-00dc500bf4b1,2b052efc-55d1-4efc-a5ab-2eff05060165,88.61797,Pitching,23360085,,,,,,,,,,,,,,,,,,,,,,,
125,09/08/2025,27:17.4,"Lee, Seth",1000464461,Right,,Stretch,Cutter,Live,,83.41492,-0.338882788,-1.470249103,,,,5.95718,0.70057,5.0994,-39.92246,0.30382,-4.25727,2.31092,-1.03974,78.62488,-7.600245876,-2.249160792,0.456484799,1.92089,0.22642,-0.55865,50,5.89392,3.26965,-121.51491,-2.13319,2.95055,17.70942,-31.82627,d0de83d5-f80d-43e5-82d7-0147ef46eaf7,2b052efc-55d1-4efc-a5ab-2eff05060165,82.57107,Pitching,23360085,,,,,,,,,,,,,,,,,,,,,,,
126,09/08/2025,28:20.8,"Lee, Seth",1000464461,Right,,Stretch,Cutter,Live,,83.86403,-1.489381096,-1.147287429,,,,6.01949,0.41419,5.32355,-36.95608,2.82613,-3.90192,1.54179,-0.98757,78.51981,-8.252736841,-1.867346999,0.453958192,1.79371,1.82305,-0.30773,50,5.85824,2.57844,-122.09438,-4.43767,2.75755,19.88082,-29.37139,66065761-866e-4e10-8194-a1987899f9d0,2b052efc-55d1-4efc-a5ab-2eff05060165,83.03064,Pitching,23360085,,,,,,,,,,,,,,,,,,,,,,,
127,09/08/2025,28:38.6,"Lee, Seth",1000464461,Right,,Stretch,Slider,Live,,79.90997,-1.393303355,-0.312133705,2484.339456,42.3095148,7:30,5.88422,0.84581,5.39105,-49.65813,-5.01607,-4.53008,0.44013,0.17581,73.62683,-10.56110291,-1.159549431,0.480887523,2.31147,-2.2506,-0.81486,50,5.72569,0.77576,-116.16051,-4.39226,3.13993,22.9365,-35.2313,fd4f3853-b283-46ab-961c-fb1f5214f655,2b052efc-55d1-4efc-a5ab-2eff05060165,78.38099,Pitching,23360085,,,,,,,,,,,,,,,,,,,,,,,
128,09/08/2025,29:01.8,"Lee, Seth",1000464461,Right,,Stretch,Fastball,Live,,89.34093,-2.281080685,0.78392617,2201.551685,207.4655397,1:00,6.16814,0.2831,5.89635,-22.03787,12.80167,6.66667,2.21289,1.56639,82.02139,-6.398034085,2.037420104,0.424822552,-3.38,7.53046,-0.34991,50,5.97213,-1.99555,-129.9666,-5.89557,-5.78803,26.93841,-19.27866,8ec7907e-1a9a-4fee-94e1-b04202537d02,2b052efc-55d1-4efc-a5ab-2eff05060165,88.72514,Pitching,23360085,,,,,,,,,,,,,,,,,,,,,,,
129,09/08/2025,29:18.2,"Lee, Seth",1000464461,Right,,Stretch,Fastball,Live,,90.08624,-1.383645567,-1.15207563,2105.604596,203.8282141,12:45,6.12485,0.21631,5.82095,-22.01701,12.39527,5.48526,3.00338,-0.39768,82.35965,-5.508739058,-0.120403913,0.422209574,-3.27602,7.05983,-0.12548,50,5.99883,2.45341,-131.06521,-3.89827,-5.69174,28.00797,-19.90835,867ff7aa-632e-44e9-a673-0c73d195afc4,2b052efc-55d1-4efc-a5ab-2eff05060165,89.27424,Pitching,23360085,,,,,,,,,,,,,,,,,,,,,,,
130,09/08/2025,29:40.3,"Lee, Seth",1000464461,Right,,Stretch,Cutter,Live,,84.91279,0.88553981,-0.651803449,2294.853119,199.7665744,12:45,6.01442,0.40442,5.41744,-36.08749,3.11864,1.13249,3.83667,-0.11173,77.88927,-5.822719859,-0.440665482,0.45065937,-0.77745,1.41206,-0.34739,50,6.06811,1.36725,-123.52732,0.69612,-1.20379,24.12237,-29.98765,3017e5ed-57c0-49f2-8ffb-b6412117e488,2b052efc-55d1-4efc-a5ab-2eff05060165,83.63842,Pitching,23360085,,,,,,,,,,,,,,,,,,,,,,,
131,09/08/2025,29:58.4,"Lee, Seth",1000464461,Right,,Stretch,Cutter,Live,,85.38705,-3.385836047,-1.125149829,2127.366361,248.2954903,2:15,6.12944,0.34282,5.71659,,,,,,,,,,-2.73888,1.82366,-0.25175,50,5.82386,2.28942,-124.11387,-8.52143,-4.30866,22.85632,-29.30517,4bd642df-cbf2-46b4-9053-20566002fc74,2b052efc-55d1-4efc-a5ab-2eff05060165,,Pitching,23360085,,,,,,,,,,,,,,,,,,,,,,,
132,09/08/2025,31:21.9,"White, Tommy",1000464462,Right,,Stretch,Sinker,Live,,87.57549,1.331087703,-1.315596436,2106.861482,240.1263379,2:00,5.47363,1.7818,6.34432,-28.38343,6.96607,12.18984,4.33408,1.58647,80.73953,-4.02390527,0.987241393,0.427920484,-6.99965,3.47564,-1.69224,50,5.55657,2.57019,-127.59654,2.12707,-11.64583,23.99278,-26.39139,f84c88c5-d831-48ea-b317-04c42d96d0d6,28a7f20f-dff8-42bc-944d-37e256b36042,88.08281,Pitching,23360085,,,,,,,,,,,,,,,,,,,,28.13635668,1857.889049,0.881827811,
133,09/08/2025,31:45.1,"White, Tommy",1000464462,Right,,Stretch,Sinker,Live,,87.42398,-0.042579687,-1.372629291,2044.080807,224.1219821,1:30,5.42727,1.71501,6.46348,-24.90622,10.81275,10.51806,3.31264,1.33069,79.6911,-4.778593615,0.631942236,0.430150942,-6.19693,5.97232,-1.62304,50,5.41308,2.75163,-127.32435,-0.80325,-10.12695,27.24176,-22.41415,b2fe0036-9245-461f-b38f-703867e3b953,28a7f20f-dff8-42bc-944d-37e256b36042,87.62608,Pitching,23360085,,,,,,,,,,,,,,,,,,,231.1444398,32.10509715,1731.489021,0.847074644,1:45
134,09/08/2025,32:38.5,"White, Tommy",1000464462,Right,,Stretch,Sinker,Live,,88.01129,-1.960396373,-3.257318509,2016.018443,220.6099926,1:15,5.33269,1.67322,6.32546,-24.94422,10.33524,8.88108,1.44529,-0.58918,81.04287,-6.653042948,-1.579468573,0.427496336,-5.72137,6.1747,-1.43999,50,5.1776,7.02032,-127.97926,-5.12709,-9.53468,25.22042,-21.88389,097a9026-cb4c-4d47-a839-e757e73d10ab,28a7f20f-dff8-42bc-944d-37e256b36042,88.1702,Pitching,23360085,,,,,,,,,,,,,,,,,,,,20.30222103,1890.774276,0.937875485,
135,09/08/2025,32:58.4,"White, Tommy",1000464462,Right,,Stretch,Slider,Live,,74.72392,1.359132211,-0.219871756,2080.963928,56.55133963,8:00,5.09878,1.82622,5.9009,-52.84963,-2.91207,-4.3446,1.95642,1.26009,68.65469,-8.541839963,-1.039074054,0.50861017,2.28271,-1.96353,-1.8061,50,5.17766,0.53518,-108.73478,1.1455,2.72369,19.66768,-34.51689,63337369-be72-4884-a066-cf82f4ec0557,28a7f20f-dff8-42bc-944d-37e256b36042,74.1087,Pitching,23360085,,,,,,,,,,,,,,,,,,,,,,,
136,09/08/2025,33:17.4,"White, Tommy",1000464462,Right,,Stretch,Slider,Live,,74.85146,-0.182621396,-1.649401566,2181.923335,53.62777271,7:45,5.14597,1.81208,5.99523,-54.59291,-4.9155,-6.61963,0.42729,-0.26821,69.10056,-10.37625314,-2.89896228,0.507283648,3.10481,-2.6109,-1.67877,50,5.10161,3.31272,-108.90977,-1.8038,3.70977,20.05502,-35.29367,e0f65048-40e3-4eda-a741-63db70529112,28a7f20f-dff8-42bc-944d-37e256b36042,74.30249,Pitching,23360085,,,,,,,,,,,,,,,,,,,,,,,
137,09/08/2025,33:43.4,"White, Tommy",1000464462,Right,,Stretch,Sinker,Live,,87.81216,-1.637790378,-2.634936886,2012.424584,223.8130757,1:30,5.37388,1.65864,6.31815,-25.33314,10.0521,9.66642,1.75253,0.03594,80.8853,-6.405872472,-0.807728083,0.428136745,-5.98141,5.93024,-1.47092,50,5.24197,5.59416,-127.78546,-4.40876,-9.94182,25.04585,-22.31729,c6a13733-ba5b-4276-98d5-e7d90e3ca6f5,28a7f20f-dff8-42bc-944d-37e256b36042,88.03832,Pitching,23360085,,,,,,,,,,,,,,,,,,,,24.01874025,1838.173517,0.913412374,
138,09/08/2025,34:02.8,"White, Tommy",1000464462,Right,,Stretch,ChangeUp,Live,,78.81046,-0.080100932,-4.015828955,1840.031092,256.9265764,2:30,4.75039,2.12501,6.16806,-40.45501,3.73639,16.28181,1.30498,-0.23297,72.85273,-7.65896371,-0.953245524,0.47845413,-9.88643,2.05242,-1.82939,50,4.72341,7.59614,-114.56257,-1.27035,-13.23665,19.69251,-29.42613,b3330d8e-79cf-4af4-9ac0-d57916e9688b,28a7f20f-dff8-42bc-944d-37e256b36042,78.77963,Pitching,23360085,,,,,,,,,,,,,,,,,,,,14.51280877,1781.318722,0.968091642,
139,09/08/2025,34:23.9,"White, Tommy",1000464462,Right,,Stretch,ChangeUp,Live,,80.95771,-0.070350475,-3.020481752,1815.545594,242.358338,2:00,4.98513,1.95843,6.27419,-35.2624,6.40614,12.31407,1.98167,0.19814,74.66735,-6.703538823,-0.69597681,0.464596072,-7.51293,3.51659,-1.7416,50,4.96255,5.87694,-117.81747,-1.11803,-10.62324,21.13128,-27.20162,a31fb11f-6d1d-42f8-b248-d9665b5707ee,28a7f20f-dff8-42bc-944d-37e256b36042,81.12948,Pitching,23360085,,,,,,,,,,,,,,,,,,,,16.18060595,1743.628323,0.960388066,
140,09/08/2025,34:56.6,"White, Tommy",1000464462,Right,,Stretch,Sinker,Live,,87.5799,-1.792998773,-1.842862625,2024.913717,233.8138065,1:45,5.49475,1.49814,6.28417,-26.62039,8.82197,12.0839,1.62275,0.80636,81.10709,-6.785014998,0.436420594,0.428482139,-7.05556,5.26305,-1.36849,50,5.34964,3.74212,-127.53672,-4.79059,-11.73557,23.80657,-23.41997,c45c8094-a8b8-436d-b684-0d5315328e5b,28a7f20f-dff8-42bc-944d-37e256b36042,87.96735,Pitching,23360085,,,,,,,,,,,,,,,,,,,231.61006,14.80973352,1957.646041,0.966779979,1:45
141,09/08/2025,35:13.7,"White, Tommy",1000464462,Right,,Stretch,Slider,Live,,74.70611,-0.260870554,0.244309085,2128.69214,72.5007752,8:30,5.09336,1.9079,5.8097,-50.69609,-1.03215,-3.14255,0.62613,1.87318,69.50504,-9.665767551,-0.34443599,0.507214842,1.75042,-0.48664,-1.92602,50,5.04172,-0.37649,-108.79825,-1.90585,2.11215,17.89193,-32.76125,3bcd3506-ac1f-4fc7-833a-7821cc754c0d,28a7f20f-dff8-42bc-944d-37e256b36042,74.31257,Pitching,23360085,,,,,,,,,,,,,,,,,,,,,,,
142,09/08/2025,35:36.4,"White, Tommy",1000464462,Right,,Stretch,Slider,Live,,73.49995,1.411111279,-1.007295793,2154.02369,47.52309002,7:30,5.12867,1.74529,6.21163,-56.20952,-5.42151,-5.87697,1.74713,0.32595,68.00206,-9.138383663,-2.118330442,0.512922783,2.92957,-3.34358,-1.66694,50,5.20591,2.03035,-107.02288,1.2152,3.40263,18.22378,-36.05754,155b0a9c-b331-43c1-a8a0-50d0df2d473a,28a7f20f-dff8-42bc-944d-37e256b36042,73.4856,Pitching,23360085,,,,,,,,,,,,,,,,,,,,,,,
143,09/08/2025,37:15.5,"Lee, Seth",1000464461,Right,,Stretch,Fastball,Live,,89.17242,-3.790184695,-1.50698216,2069.485668,200.3529333,12:45,6.10704,0.41628,6.04665,-24.36974,10.59923,3.93293,0.56153,-0.65122,81.84927,-8.340709567,-0.764289887,0.425611013,-2.56005,6.82435,-0.30128,50,5.79885,3.2833,-129.5141,-9.35097,-4.34115,27.46569,-20.6018,5507e922-47a2-4b18-b8af-5a26f4535693,28a7f20f-dff8-42bc-944d-37e256b36042,88.56077,Pitching,23360085,,,,,,,,,,,,,,,,,,,,,,,
144,09/08/2025,37:33.9,"Lee, Seth",1000464461,Right,,Stretch,Fastball,Live,,88.74474,-2.975812221,-1.852233559,2208.852882,200.9095225,12:45,6.15046,0.25384,5.96332,-22.41348,13.03174,4.98279,1.51988,-1.04872,81.10912,-7.173919721,-0.911863075,0.428499413,-3.23251,7.91479,-0.10995,50,5.90208,4.01135,-128.94203,-7.41941,-5.42116,27.77523,-18.90035,1fb4f53a-dbed-41ee-8103-e6bba5ca375a,28a7f20f-dff8-42bc-944d-37e256b36042,87.96381,Pitching,23360085,,,,,,,,,,,,,,,,,,,,,,,
145,09/08/2025,37:51.3,"Lee, Seth",1000464461,Right,,Stretch,Curveball,Live,,78.93484,-0.61467285,-0.794206037,2509.719141,40.15514951,7:15,6.02073,0.60901,5.11005,-55.64135,-9.14037,-7.67857,0.80486,-0.77905,72.38515,-10.86561201,-2.227149078,0.49079764,3.79152,-4.6168,-0.5285,50,5.9208,1.83784,-114.6504,-3.03093,4.986,23.57487,-38.24533,5eb2f9c8-6bda-4c78-960a-ab95478b6ace,28a7f20f-dff8-42bc-944d-37e256b36042,76.79833,Pitching,23360085,,,,,,,,,,,,,,,,,,,32.87697353,63.19843195,1131.637301,0.450901969,7:00
146,09/08/2025,38:16.3,"Lee, Seth",1000464461,Right,,Stretch,Cutter,Live,,83.71963,2.022075321,-1.733475791,2311.425281,99.7847806,9:15,6.02993,0.40616,4.97574,-40.09439,0.47305,-2.92061,4.59991,-1.4747,77.7149,-5.321673893,-2.269313366,0.458416452,1.11775,-0.22149,-0.23664,50,6.19254,3.78915,-121.74354,2.86313,1.70536,20.1882,-32.51198,c32fbeb6-99d5-408e-a2bd-9f7521004f46,28a7f20f-dff8-42bc-944d-37e256b36042,82.22314,Pitching,23360085,,,,,,,,,,,,,,,,,,,,,,,
147,09/08/2025,38:35.2,"Lee, Seth",1000464461,Right,,Stretch,Cutter,Live,,82.23837,0.790160756,-0.902466692,2211.162297,114.8770207,9:45,6.09098,0.23477,4.97042,-41.21982,1.0343,-2.30554,3.40238,-0.80975,76.04974,-6.774169466,-1.327283251,0.467849275,0.9735,0.3398,-0.14582,50,6.13398,1.96509,-119.61972,0.20529,1.4236,21.0722,-31.67715,ca606b83-8bb1-4a53-8963-5bb353ab74ce,28a7f20f-dff8-42bc-944d-37e256b36042,80.56535,Pitching,23360085,,,,,,,,,,,,,,,,,,,,,,,
148,09/08/2025,38:57.2,"Lee, Seth",1000464461,Right,,Stretch,Fastball,Live,,88.02242,-3.471091691,-0.445048145,2242.035559,202.6652032,12:45,6.06723,0.39423,6.10403,-23.11338,12.48847,5.21707,0.92757,0.41747,81.11698,-7.787206316,0.539143868,0.429445189,-2.95262,7.71474,-0.36285,50,5.78843,0.83279,-127.9829,-8.478,-4.91354,25.59024,-19.33573,cd9a579c-170f-4b93-bd5a-6583bd1d35d3,28a7f20f-dff8-42bc-944d-37e256b36042,87.77008,Pitching,23360085,,,,,,,,,,,,,,,,,,,,,,,
149,09/08/2025,39:18.4,"Lee, Seth",1000464461,Right,,Stretch,Fastball,Live,,89.01217,-2.936304403,-0.37855179,2258.926002,204.7746979,12:45,6.18215,0.29815,5.91267,-23.23093,11.8864,5.49148,1.51896,0.40448,81.76162,-7.271979391,0.655088396,0.426512853,-3.06778,7.22431,-0.27098,50,5.93365,0.67754,-129.43046,-7.39042,-5.20832,26.8039,-19.909,6b2dd537-f3ce-4d8d-9b58-c2b4e2238feb,28a7f20f-dff8-42bc-944d-37e256b36042,88.37351,Pitching,23360085,,,,,,,,,,,,,,,,,,,,,,,
150,09/08/2025,39:38.3,"Lee, Seth",1000464461,Right,,Stretch,Cutter,Live,,83.88682,-3.22791251,-3.538290389,,,,6.06584,0.26971,5.35342,,,,,,,,,,0.55577,1.72334,0.05039,50,5.74777,7.61646,-121.67946,-8.17335,0.84038,21.95799,-29.56817,00e39562-3074-4369-ac64-246ae72987ca,28a7f20f-dff8-42bc-944d-37e256b36042,,Pitching,23360085,,,,,,,,,,,,,,,,,,,,,,,
151,09/08/2025,40:03.1,"Lee, Seth",1000464461,Right,,Stretch,Cutter,Live,,83.97436,1.549132852,-0.672520508,2146.188791,137.4470608,10:30,6.06788,0.27381,5.32216,-38.07666,2.35965,-2.1959,4.34881,-0.54022,76.61024,-5.537087901,-1.082172187,0.457674987,0.96885,0.80443,-0.21149,50,6.18087,1.50663,-122.0669,2.02207,1.45762,24.67128,-30.9638,fc684b1f-7396-4e50-b2fc-444c24961234,28a7f20f-dff8-42bc-944d-37e256b36042,82.35634,Pitching,23360085,,,,,,,,,,,,,,,,,,,,,,,
152,09/08/2025,40:22.5,"Lee, Seth",1000464461,Right,,Stretch,Cutter,Live,,83.76828,-2.320096981,-0.947920382,2142.120353,128.0575377,10:15,6.10039,0.20929,5.49053,-38.2633,2.07631,-2.69549,0.7402,-0.90205,77.23742,-9.387790871,-1.451671447,0.45712736,1.16759,1.75507,-0.12463,50,5.87185,2.10262,-121.75536,-6.18388,1.75121,24.0942,-29.54171,0014ade5-3406-441d-bf41-952273a86eb3,28a7f20f-dff8-42bc-944d-37e256b36042,82.45501,Pitching,23360085,,,,,,,,,,,,,,,,,,,,,,,
153,09/08/2025,40:40.8,"Lee, Seth",1000464461,Right,,Stretch,ChangeUp,Live,,81.37835,-1.616265404,-1.011755943,1467.876476,209.4288635,1:00,5.95194,0.37703,5.40562,-38.9958,3.4021,1.93818,1.18749,-0.4094,75.74506,-8.784794681,-0.652092378,0.468644589,-1.27406,2.19711,-0.28843,50,5.78104,2.0283,-118.41939,-4.60999,-1.82904,20.28488,-29.01987,ab95096b-c9a5-40f5-a55c-36b3ab2b048b,28a7f20f-dff8-42bc-944d-37e256b36042,80.42862,Pitching,23360085,,,,,,,,,,,,,,,,,,,,,,,
154,09/08/2025,40:59.1,"Lee, Seth",1000464461,Right,,Stretch,ChangeUp,Live,,82.68864,-1.697121438,-0.939045157,1650.179959,230.9797564,1:45,6.02909,0.62252,5.36576,-36.71751,4.38207,5.44488,1.37753,0.1958,76.94324,-8.443660772,0.070359641,0.461413313,-3.10291,2.72738,-0.54223,50,5.85103,1.79106,-120.3245,-4.78727,-4.60275,20.76314,-28.12835,02824831-c2ec-4869-9485-b9ac712dca90,28a7f20f-dff8-42bc-944d-37e256b36042,81.6891,Pitching,23360085,,,,,,,,,,,,,,,,,,,,,,,
155,09/08/2025,41:24.8,"Lee, Seth",1000464461,Right,,Stretch,Fastball,Live,,87.89554,-3.175940564,-1.705631196,2288.817566,201.3536517,12:45,6.12504,0.25287,5.97915,-22.2681,13.74315,5.37545,1.32152,-0.88045,80.60348,-7.339028948,-0.692388037,0.431907264,-3.38549,8.32541,-0.12128,50,5.86179,3.63407,-127.72627,-7.79178,-5.58981,26.43397,-18.4279,29b47278-4d97-4ad1-a80a-adf7f98cf583,28a7f20f-dff8-42bc-944d-37e256b36042,87.26975,Pitching,23360085,,,,,,,,,,,,,,,,,,,,,,,
156,09/08/2025,42:13.1,"White, Tommy",1000464462,Right,,Stretch,Sinker,Live,,87.37612,-1.608205626,-3.349250842,2185.278965,241.0755279,2:00,5.46477,1.79784,6.30935,-28.35678,7.56807,13.72723,1.61754,-0.1466,80.22072,-6.951531443,-0.751014222,0.431388814,-8.43448,4.58496,-1.55931,50,5.33324,7.03036,-127.03641,-4.40748,-13.79987,25.73139,-24.67247,76b84bdc-29de-4010-bbd6-164e092e7f2d,28a7f20f-dff8-42bc-944d-37e256b36042,87.37463,Pitching,23360085,,,,,,,,,,,,,,,,,,,,17.14952322,2088.118197,0.955538506,
157,09/08/2025,42:28.7,"White, Tommy",1000464462,Right,,Stretch,Slider,Live,,75.02266,0.242333237,-2.282041185,2119.712437,79.1128707,8:45,5.21808,1.82653,5.81884,-51.16387,-1.36217,-6.8777,1.17989,-0.86916,69.07639,-9.296550715,-3.574434863,0.50791784,3.03953,-0.80415,-1.63598,50,5.20771,4.53714,-109.0902,-0.95068,3.6463,19.99954,-33.13873,224b7395-8c63-4738-bef7-0c934b36de91,28a7f20f-dff8-42bc-944d-37e256b36042,74.20972,Pitching,23360085,,,,,,,,,,,,,,,,,,,,,,,
158,09/08/2025,42:58.6,"White, Tommy",1000464462,Right,,Stretch,Sinker,Live,,87.24081,-1.581209082,-2.128179754,2003.367111,241.60057,2:00,5.41322,1.56483,6.19914,-29.14822,6.89144,12.78107,1.5234,0.66474,80.36045,-7.054243508,0.285791972,0.432077623,-7.53368,4.17835,-1.41155,50,5.27963,4.33316,-126.96868,-4.38555,-12.34314,25.10627,-25.32826,46ae3f3e-0e6b-4646-8077-6ba807e29098,28a7f20f-dff8-42bc-944d-37e256b36042,87.23534,Pitching,23360085,,,,,,,,,,,,,,,,,,,,14.13208469,1942.736093,0.969735443,
159,09/08/2025,43:28.3,"White, Tommy",1000464462,Right,,Stretch,Slider,Live,,75.77582,1.701530092,-1.525446487,2117.366139,73.93943538,8:30,5.13327,1.97827,5.58589,-51.19952,-2.00986,-6.8571,2.45636,-0.01778,69.53184,-7.837324233,-2.809098652,0.504787152,3.22394,-1.56035,-1.84301,50,5.24622,3.13273,-110.15676,1.78597,3.94998,20.09447,-34.0858,2830e6df-e4e8-416d-aa99-22158844e082,28a7f20f-dff8-42bc-944d-37e256b36042,74.66997,Pitching,23360085,,,,,,,,,,,,,,,,,,,,,,,
160,09/08/2025,43:44.4,"White, Tommy",1000464462,Right,,Stretch,Slider,Live,,74.99566,1.511674441,-0.658569278,2156.211148,81.50995518,8:45,5.07338,1.79754,5.60845,-52.07445,-1.68941,-11.0554,2.14509,0.2616,68.54642,-8.215059625,-2.735651383,0.510883865,5.71577,-1.36084,-1.73429,50,5.16927,1.56853,-109.02482,1.39209,6.82201,20.66679,-33.79827,9fbd60bf-d2e3-4397-91ca-fd7008ce7a51,28a7f20f-dff8-42bc-944d-37e256b36042,73.77888,Pitching,23360085,,,,,,,,,,,,,,,,,,,,,,,
161,09/08/2025,44:06.0,"White, Tommy",1000464462,Right,,Stretch,Sinker,Live,,87.55355,-0.830434054,-2.031397834,2123.406611,244.4592813,2:15,5.40359,1.74024,6.2671,-28.93495,6.6847,14.04358,2.22632,1.03722,80.66275,-6.275709833,0.62273018,0.429552473,-8.20408,3.86919,-1.59709,50,5.32791,4.10237,-127.4912,-2.71381,-13.57097,24.97532,-25.77374,6f94b3c3-763d-4baa-9c3f-698dcd8253cc,28a7f20f-dff8-42bc-944d-37e256b36042,87.74816,Pitching,23360085,,,,,,,,,,,,,,,,,,,,24.46849414,1932.70169,0.910189165,
162,09/08/2025,44:34.4,"White, Tommy",1000464462,Right,,Stretch,ChangeUp,Live,,80.22716,-1.891053916,-4.279151386,1881.823946,256.4548307,2:30,4.87927,2.0601,5.98329,,,,,,,,,,-10.13596,2.66156,-1.73157,50,4.70801,8.23291,-116.48837,-4.9835,-14.03176,20.34652,-28.48951,6c0a71a4-b9bb-4fae-a71f-82d1f89bdc23,28a7f20f-dff8-42bc-944d-37e256b36042,,Pitching,23360085,,,,,,,,,,,,,,,,,,,,,,,
163,09/08/2025,44:56.9,"White, Tommy",1000464462,Right,,Stretch,ChangeUp,Live,,78.23705,0.264685177,-3.519294516,1804.287068,255.5377214,2:30,4.66512,2.05265,5.89831,-41.31943,3.83794,15.07146,1.46799,0.03777,72.47421,-7.432842105,-0.70028266,0.483655033,-8.98823,1.99938,-1.77844,50,4.66251,6.56408,-113.76864,-0.65989,-11.89989,18.88867,-29.52699,35c89378-61cf-44d8-909c-cba9b9a287ac,28a7f20f-dff8-42bc-944d-37e256b36042,77.93249,Pitching,23360085,,,,,,,,,,,,,,,,,,,,0.425817594,1804.23724,0.999972383,
164,09/08/2025,45:15.5,"White, Tommy",1000464462,Right,,Stretch,Sinker,Live,,88.46148,-1.790858292,-3.891284936,2186.946597,238.1565773,2:00,5.47781,1.48628,6.18834,-27.95927,7.21145,11.63984,1.49025,-1.14158,81.41663,-7.037261133,-1.698479714,0.426837008,-7.37524,4.40476,-1.19904,50,5.32844,8.38644,-128.52568,-4.88277,-12.38856,25.58757,-24.77516,fcc61201-c63e-44e7-92eb-560602cddf7c,28a7f20f-dff8-42bc-944d-37e256b36042,88.3064,Pitching,23360085,,,,,,,,,,,,,,,,,,,220.4339737,25.67776454,1970.97523,0.901245249,1:15
165,09/08/2025,45:37.3,"White, Tommy",1000464462,Right,,Stretch,Sinker,Live,,86.37288,-1.807541008,-1.590063656,2118.173408,244.7317145,2:15,5.33125,1.68901,6.16951,-29.89154,7.11086,15.10038,1.16983,1.47858,79.19242,-7.427311463,1.269703749,0.437810708,-8.68552,4.39263,-1.57657,50,5.17927,3.03785,-125.67268,-4.85967,-13.85419,26.08966,-25.16741,202374c3-a588-4598-b422-0c0bbae573a0,28a7f20f-dff8-42bc-944d-37e256b36042,86.093,Pitching,23360085,,,,,,,,,,,,,,,,,,,215.8237901,9.448875525,2089.435046,0.986432479,1:15
166,09/08/2025,46:00.2,"White, Tommy",1000464462,Right,,Stretch,ChangeUp,Live,,78.96375,-0.770771564,-4.072979234,1919.946445,261.8915105,2:45,4.84323,2.00555,5.88258,-42.15572,2.30662,16.38025,0.61273,-0.41759,73.2392,-8.60509215,-1.010486739,0.479918578,-9.84029,1.43563,-1.68638,50,4.75644,7.6944,-114.73177,-2.77061,-13.23581,19.41734,-30.24303,deabe449-9ade-4149-aff5-c469e46f0826,28a7f20f-dff8-42bc-944d-37e256b36042,78.53924,Pitching,23360085,,,,,,,,,,,,,,,,,,,,,,,
167,09/08/2025,46:20.5,"White, Tommy",1000464462,Right,,Stretch,ChangeUp,Live,,79.02309,1.244234161,-1.285777681,1867.949491,262.0043393,2:45,4.86224,1.93328,6.07155,-41.90779,2.22609,16.16659,2.52158,2.09069,72.71859,-6.6264366,1.762556115,0.478142625,-9.11823,0.87116,-1.84258,50,4.93596,2.13022,-115.0456,1.32776,-12.25281,20.81534,-31.00341,23dba66b-de30-4c7f-ab3d-9c3a6d631185,28a7f20f-dff8-42bc-944d-37e256b36042,78.83095,Pitching,23360085,,,,,,,,,,,,,,,,,,,,6.627744372,1855.465972,0.993316993,
168,09/08/2025,46:44.1,"White, Tommy",1000464462,Right,,Stretch,Slider,Live,,73.9456,1.795549898,-1.280029584,2076.915187,79.23018367,8:45,4.95228,1.98863,5.86407,-53.17203,-1.69458,-8.71308,2.19,0.07341,67.41756,-8.196229731,-2.92618007,0.51639247,4.31,-1.47366,-1.88005,50,5.06696,2.63563,-107.48898,1.94341,4.98575,20.58847,-33.87876,c11bb000-837c-4961-a8f6-f5f875cb4d02,28a7f20f-dff8-42bc-944d-37e256b36042,72.99184,Pitching,23360085,,,,,,,,,,,,,,,,,,,,64.3141845,900.2098008,0.433435995,
169,09/08/2025,47:02.1,"White, Tommy",1000464462,Right,,Stretch,Sinker,Live,,86.95741,-0.308150306,-2.396688224,2097.862403,236.936371,2:00,5.37339,1.78444,6.2844,-27.98462,8.28806,12.78457,2.75713,0.64,79.5928,-5.596955079,0.026104617,0.433472156,-7.6642,4.62058,-1.6143,50,5.33704,4.92092,-126.56308,-1.50503,-12.42571,25.94064,-24.68286,f0e7f103-8c48-4ed9-a3ac-08ef2e8b28da,28a7f20f-dff8-42bc-944d-37e256b36042,86.95469,Pitching,23360085,,,,,,,,,,,,,,,,,,,226.5199887,29.73930497,1821.555935,0.868291425,1:30
170,09/08/2025,47:22.0,"White, Tommy",1000464462,Right,,Stretch,Sinker,Live,,86.5231,-2.470063749,-3.419266882,2030.605771,239.0477473,2:00,5.51128,1.56658,6.27071,-29.60812,7.07423,11.80617,0.76173,-0.60496,79.715,-8.02511904,-1.188679576,0.435913107,-7.37408,4.53307,-1.31979,50,5.31398,7.16481,-125.72543,-6.30358,-11.83705,24.80187,-24.89745,2a9577fb-17cd-484c-8610-1c221be536a4,28a7f20f-dff8-42bc-944d-37e256b36042,86.46778,Pitching,23360085,,,,,,,,,,,,,,,,,,,,26.37313543,1819.260607,0.89592014,
171,09/08/2025,47:53.1,"White, Tommy",1000464462,Right,,Stretch,ChangeUp,Live,,78.55449,2.177036483,-0.502073967,1759.607694,259.6366093,2:45,4.89251,1.99816,6.27475,-41.43894,2.49178,13.84179,3.4468,2.68889,72.85405,-5.605832811,2.104310003,0.477040872,-7.66754,0.83315,-1.96801,50,5.03254,0.62982,-114.44234,3.23385,-10.30014,18.564,-31.05484,b83f5632-f990-4e84-96a9-f2aab35c86e7,28a7f20f-dff8-42bc-944d-37e256b36042,79.01302,Pitching,23360085,,,,,,,,,,,,,,,,,,,,,,,
172,09/08/2025,48:19.7,"White, Tommy",1000464462,Right,,Stretch,ChangeUp,Live,,80.33578,1.023649349,-4.012417404,1790.565716,277.6820916,3:15,4.92637,2.09003,6.09246,-44.65095,-2.00565,14.50426,2.15461,-0.41821,74.23845,-7.334123231,-1.289304942,0.470009838,-8.88917,-1.34916,-1.7887,50,4.98146,7.778,-116.75348,0.82408,-12.36859,20.32581,-34.0513,d29cd94e-22d9-4d65-bfe5-cdf189653156,28a7f20f-dff8-42bc-944d-37e256b36042,80.195,Pitching,23360085,,,,,,,,,,,,,,,,,,,,0.49586487,1790.49866,0.99996255,
173,09/08/2025,48:41.1,"White, Tommy",1000464462,Right,,Stretch,Sinker,Live,,87.87861,-1.766036141,-2.814164988,1978.962902,228.6229458,1:30,5.60023,1.38972,6.08735,-25.6747,9.96743,11.33751,1.82472,-0.2705,80.98897,-6.574990969,-0.681015262,0.429687991,-6.88315,5.86702,-1.17893,50,5.45034,5.93093,-127.81704,-4.74295,-11.45587,24.85011,-22.40935,acb21209-8c26-4b9b-91c8-7020aa1158f1,28a7f20f-dff8-42bc-944d-37e256b36042,87.72049,Pitching,23360085,,,,,,,,,,,,,,,,,,,230.530214,18.20547583,1879.900367,0.949942197,1:45
174,09/08/2025,49:00.4,"White, Tommy",1000464462,Right,,Stretch,Slider,Live,,75.16775,-0.372095421,-1.698030109,2130.920203,77.36854998,8:30,5.09109,1.71737,5.54162,-52.05752,-2.00566,-8.7596,0.4051,-0.5998,69.42202,-10.00512991,-3.335863877,0.509191943,4.18191,-0.96229,-1.56467,50,5.02474,3.49451,-109.29966,-2.22162,5.04309,19.82484,-33.33451,bee5d2e1-e76b-4e34-a4b4-ea437e7237e0,28a7f20f-dff8-42bc-944d-37e256b36042,74.02403,Pitching,23360085,,,,,,,,,,,,,,,,,,,,,,,
175,09/08/2025,49:17.8,"White, Tommy",1000464462,Right,,Stretch,Sinker,Live,,88.16544,-3.320575202,-2.842843438,2037.679187,204.7053657,12:45,5.62316,1.36062,6.43509,-23.06581,11.98547,5.51773,0.64268,-0.7939,81.33533,-7.653037553,-1.798187942,0.426111616,-3.78221,7.46316,-1.16136,50,5.37652,6.20275,-128.13463,-8.11289,-6.319,25.25699,-19.70521,752bc2f8-5ff6-4df9-8b4e-ab9a6bd4f960,28a7f20f-dff8-42bc-944d-37e256b36042,88.45673,Pitching,23360085,,,,,,,,,,,,,,,,,,,,,,,
176,09/08/2025,49:45.5,"White, Tommy",1000464462,Right,,Stretch,Sinker,Live,,88.95636,-1.169144168,-4.159282427,1923.286574,225.2375097,1:30,5.65003,1.31355,6.37002,-24.48233,9.68514,9.80366,2.53124,-1.70275,82.63729,-5.760217434,-2.318499814,0.420705138,-6.32321,5.5656,-1.01798,50,5.55387,9.11424,-129.37162,-3.38089,-10.89247,22.83771,-22.58666,1665ea5e-97fe-466d-9ad7-7c57b320aafd,28a7f20f-dff8-42bc-944d-37e256b36042,89.59348,Pitching,23360085,,,,,,,,,,,,,,,,,,,212.0623547,25.7732696,1731.96134,0.900521723,1:00